<?xml version="1.0" encoding="utf-8"?>

<rwgmixer>
	<rulesets>
	<world ruleset="vanilla" />
	
		<ruleset name="vanilla" cell_cache_size="8" cell_size="2200" cell_offset="0" generation_distance="25000" terrain_generator="vanilla" biome_generator="vanilla">
		
			<cell_rule name="deadCell" prob="0.5"/> <!-- set prob="0.25" to prob="0" if you want more hubs to appear -->
			<cell_rule name="cityCell" prob="0.15"/>
			<cell_rule name="townCell" prob="0.33"/>
			<cell_rule name="ruralCell" prob="0.33"/>
			<cell_rule name="customHubTest" position="0,1" prob="1"/>
			<cell_rule name="rareCity" prob="0.05"/>
			
		</ruleset>
	</rulesets>

	<cell_rules>
	
		<cell_rule name="cityCell">
			<cave_count value="1,1"/>
			<path_material value="asphalt" />
			<path_radius value="10" />

			<hub_rule name="asiatown" prob="0.3"/>		
			<hub_rule name="cityLarge" prob="0.15"/>
			<hub_rule name="cityMedium" prob="0.3"/>
			<hub_rule name="citySmall" prob="0.3"/>

			<wilderness_rule name="wildernessCity"/>
			
		</cell_rule>
		
		<cell_rule name="townCell">
			<cave_count value="1,4"/>
			<path_material value="asphalt" />
			<path_radius value="10" />

			<hub_rule name="townLarge" prob="0.15"/>
			<hub_rule name="townMedium" prob="0.3"/>
			<hub_rule name="townSmall" prob="0.3"/>

			<wilderness_rule name="wildernessTown"/>
			
		</cell_rule>
		
		<cell_rule name="ruralCell">
			<cave_count value="1,8"/>
			<path_material value="asphalt" />
			<path_radius value="10" />

			<hub_rule name="ruralLarge" prob="0.15"/>
			<hub_rule name="ruralMedium" prob="0.3"/>
			<hub_rule name="ruralSmall" prob="0.3"/>

			<wilderness_rule name="wildernessRural"/>
			
		</cell_rule>
		
		<cell_rule name="deadCell">
			<cave_count value="1,8"/>
			<path_material value="asphalt" />
			<path_radius value="10" />

			<hub_rule name="noHub" prob="1"/>

			<wilderness_rule name="wildernessRural"/>
			<!-- produces No hubs just wilderness pois -->
		</cell_rule>

		<cell_rule name="customHubTest">
			<cave_count value="1,3"/>
			<path_material value="asphalt" /> 
			<path_radius value="10" />
			
			<hub_rule name="cityHub" prob="1"/>
			
			<wilderness_rule name="wildernessWasteland"/>
		</cell_rule>
		
		<cell_rule name="rareCity">
			<cave_count value="1,3"/>
			<path_material value="asphalt" /> 
			<path_radius value="10" />
			
			<hub_rule name="cityHub" prob="1"/>
			
			<wilderness_rule name="wildernessCity"/>
		</cell_rule>
		
	</cell_rules>

	<hub_rules>
	
		<hub_rule name="asiatown">
			<hub_type value="town"/>
			<width value="630, 735" />
			<height value="630, 735" />
			<path_material value="asphalt" />
			<path_radius value="10" />

			<prefab_rule name="asiatownPOIS"/>
			
			<street_gen level="20" length_multiplier="4">
				<axiom value="[FFCT][-FFT][+FFI][--FFN][+FFT][-FFI][++FN][F-FF+FF[-T]FF+FF+FFFF-FF-FF[+I]FF-F[+N]"/>

				<rule char="T" replace_with="F-FF+FF[-T**]FF+FF+FFFF-FF-FF[+I**]FF-F[+N*K]"/>
				<rule char="I" replace_with="F-FF+FF[-T**]FF+FF+FFFF-FF-FF[+I**]FF-F[+N*K]"/>
				<rule char="N" replace_with="F-FF+FF[-T**]FF+FF+FFFF-FF-FF[+I**]FF-F[+N*K]"/>
				<rule char="K" replace_with="[FFCT][-FFT][+FFI][--FFN][+FFT][-FFI][++FN]"/>
				<rule char="A" replace_with="[FFFF*]-[FF+FFF+FF.]++[FF-FFF-FF.]"/> <!-- 	Draws 2 rectngls side by side -->
				<rule char="B" replace_with="[FFF*]-[FF+FF+FF.]++[FF-FF-FF.]"/> <!-- Draws 2 boxes side by side -->
				<rule char="C" replace_with="F[F]-[FFA]+[FFB]+[FFJ]"/> <!-- Draws cross street -->
				<rule char="D" replace_with="F[F]-[FF*]+[FF*]"/> <!-- draw T section LFT -->
				<rule char="E" replace_with="F[F][FF*]+[FF*]"/> <!-- draw T section RT-->
				<rule char="G" replace_with="F[F]-[FF*]++[FF*]"/> <!-- draw T section -->
				<rule char="H" replace_with="F[F]-[FF*]"/> <!-- LFT Turn-->
				<rule char="Z" replace_with="F[F]+[FF*]"/> <!-- RT Turn-->
				<rule char="J" replace_with="F[F]-F+F[-FF*]F+F[-FF*]F+F[-FF*]F+F."/> <!-- Center Spoked Box -->
				<rule char="Y" replace_with="F[F]-F[FF*]+F[FF*]+F[FF*]+F[FF*]."/> <!-- Small Spoked box off center -->
				<rule char="L" replace_with="FF[F]-FF[FFF*]+FF[FFF*]+FF[FFF*]+FF[FFF*]."/> <!-- Lrg Spoked box Off center -->
				<alt_commands chars="T,I,N,K,A,B,C,D,E,G,H,Z,J,Y,L"/>
			</street_gen>
		</hub_rule>	
	
		<!-- City style Hubs and Pois -->
		<hub_rule name="citySmall">
			<hub_type value="town"/>
			<width value="630, 735" />
			<height value="630, 735" />
			<path_material value="asphalt" />
			<path_radius value="10" />

			<prefab_rule name="cityPois"/>

			<street_gen level="20" length_multiplier="4">
				<axiom value="[FFCT][-FFT][+FFI][--FFN][+FFT][-FFI][++FN][F-FF+FF[-T]FF+FF+FFFF-FF-FF[+I]FF-F[+N]"/>

				<rule char="T" replace_with="F-FF+FF[-T**]FF+FF+FFFF-FF-FF[+I**]FF-F[+N*K]"/>
				<rule char="I" replace_with="F-FF+FF[-T**]FF+FF+FFFF-FF-FF[+I**]FF-F[+N*K]"/>
				<rule char="N" replace_with="F-FF+FF[-T**]FF+FF+FFFF-FF-FF[+I**]FF-F[+N*K]"/>
				<rule char="K" replace_with="[FFCT][-FFT][+FFI][--FFN][+FFT][-FFI][++FN]"/>
				<rule char="A" replace_with="[FFFF*]-[FF+FFF+FF.]++[FF-FFF-FF.]"/> <!-- 	Draws 2 rectngls side by side -->
				<rule char="B" replace_with="[FFF*]-[FF+FF+FF.]++[FF-FF-FF.]"/> <!-- Draws 2 boxes side by side -->
				<rule char="C" replace_with="F[F]-[FFA]+[FFB]+[FFJ]"/> <!-- Draws cross street -->
				<rule char="D" replace_with="F[F]-[FF*]+[FF*]"/> <!-- draw T section LFT -->
				<rule char="E" replace_with="F[F][FF*]+[FF*]"/> <!-- draw T section RT-->
				<rule char="G" replace_with="F[F]-[FF*]++[FF*]"/> <!-- draw T section -->
				<rule char="H" replace_with="F[F]-[FF*]"/> <!-- LFT Turn-->
				<rule char="Z" replace_with="F[F]+[FF*]"/> <!-- RT Turn-->
				<rule char="J" replace_with="F[F]-F+F[-FF*]F+F[-FF*]F+F[-FF*]F+F."/> <!-- Center Spoked Box -->
				<rule char="Y" replace_with="F[F]-F[FF*]+F[FF*]+F[FF*]+F[FF*]."/> <!-- Small Spoked box off center -->
				<rule char="L" replace_with="FF[F]-FF[FFF*]+FF[FFF*]+FF[FFF*]+FF[FFF*]."/> <!-- Lrg Spoked box Off center -->
				<alt_commands chars="T,I,N,K,A,B,C,D,E,G,H,Z,J,Y,L"/>
			</street_gen>
		</hub_rule>
		
		<hub_rule name="cityMedium">
			<hub_type value="town"/>
			<width value="735, 1008" />
			<height value="735, 1008" />
			<path_material value="asphalt" />
			<path_radius value="10" />

			<prefab_rule name="cityPois"/>

			<street_gen level="20" length_multiplier="4">
				<axiom value="[FFCT][-FFT][+FFI][--FFN][+FFT][-FFI][++FN][F-FF+FF[-T]FF+FF+FFFF-FF-FF[+I]FF-F[+N]"/>

				<rule char="T" replace_with="F-FF+FF[-T**]FF+FF+FFFF-FF-FF[+I**]FF-F[+N*K]"/>
				<rule char="I" replace_with="F-FF+FF[-T**]FF+FF+FFFF-FF-FF[+I**]FF-F[+N*K]"/>
				<rule char="N" replace_with="F-FF+FF[-T**]FF+FF+FFFF-FF-FF[+I**]FF-F[+N*K]"/>
				<rule char="K" replace_with="[FFCT][-FFT][+FFI][--FFN][+FFT][-FFI][++FN]"/>
				<rule char="A" replace_with="[FFFF*]-[FF+FFF+FF.]++[FF-FFF-FF.]"/> <!-- 	Draws 2 rectngls side by side -->
				<rule char="B" replace_with="[FFF*]-[FF+FF+FF.]++[FF-FF-FF.]"/> <!-- Draws 2 boxes side by side -->
				<rule char="C" replace_with="F[F]-[FFA]+[FFB]+[FFJ]"/> <!-- Draws cross street -->
				<rule char="D" replace_with="F[F]-[FF*]+[FF*]"/> <!-- draw T section LFT -->
				<rule char="E" replace_with="F[F][FF*]+[FF*]"/> <!-- draw T section RT-->
				<rule char="G" replace_with="F[F]-[FF*]++[FF*]"/> <!-- draw T section -->
				<rule char="H" replace_with="F[F]-[FF*]"/> <!-- LFT Turn-->
				<rule char="Z" replace_with="F[F]+[FF*]"/> <!-- RT Turn-->
				<rule char="J" replace_with="F[F]-F+F[-FF*]F+F[-FF*]F+F[-FF*]F+F."/> <!-- Center Spoked Box -->
				<rule char="Y" replace_with="F[F]-F[FF*]+F[FF*]+F[FF*]+F[FF*]."/> <!-- Small Spoked box off center -->
				<rule char="L" replace_with="FF[F]-FF[FFF*]+FF[FFF*]+FF[FFF*]+FF[FFF*]."/> <!-- Lrg Spoked box Off center -->
				<alt_commands chars="T,I,N,K,A,B,C,D,E,G,H,Z,J,Y,L"/>
			</street_gen>
		</hub_rule>

		<hub_rule name="cityLarge">
			<hub_type value="town"/>
			<width value="840, 1260" />
			<height value="840, 1260" />
			<path_material value="asphalt" />
			<path_radius value="10" />
			<downtown_zone_size_perc value="0.5"/>

			<prefab_rule name="cityPois"/>

			<street_gen level="25" length_multiplier="4">
				<axiom value="[FFCT][-FFT][+FFI][--FFN][+FFT][-FFI][++FN][F-FF+FF[-T]FF+FF+FFFF-FF-FF[+I]FF-F[+N]"/>

				<rule char="T" replace_with="F-FF+FF[-T**]FF+FF+FFFF-FF-FF[+I**]FF-F[+N*K]"/>
				<rule char="I" replace_with="F-FF+FF[-T**]FF+FF+FFFF-FF-FF[+I**]FF-F[+N*K]"/>
				<rule char="N" replace_with="F-FF+FF[-T**]FF+FF+FFFF-FF-FF[+I**]FF-F[+N*K]"/>
				<rule char="K" replace_with="[FFCT][-FFT][+FFI][--FFN][+FFT][-FFI][++FN]"/>
				<rule char="A" replace_with="[FFFF*]-[FF+FFF+FF.]++[FF-FFF-FF.]"/> <!-- 	Draws 2 rectngls side by side -->
				<rule char="B" replace_with="[FFF*]-[FF+FF+FF.]++[FF-FF-FF.]"/> <!-- Draws 2 boxes side by side -->
				<rule char="C" replace_with="F[F]-[FFA]+[FFB]+[FFJ]"/> <!-- Draws cross street -->
				<rule char="D" replace_with="F[F]-[FF*]+[FF*]"/> <!-- draw T section LFT -->
				<rule char="E" replace_with="F[F][FF*]+[FF*]"/> <!-- draw T section RT-->
				<rule char="G" replace_with="F[F]-[FF*]++[FF*]"/> <!-- draw T section -->
				<rule char="H" replace_with="F[F]-[FF*]"/> <!-- LFT Turn-->
				<rule char="Z" replace_with="F[F]+[FF*]"/> <!-- RT Turn-->
				<rule char="J" replace_with="F[F]-F+F[-FF*]F+F[-FF*]F+F[-FF*]F+F."/> <!-- Center Spoked Box -->
				<rule char="Y" replace_with="F[F]-F[FF*]+F[FF*]+F[FF*]+F[FF*]."/> <!-- Small Spoked box off center -->
				<rule char="L" replace_with="FF[F]-FF[FFF*]+FF[FFF*]+FF[FFF*]+FF[FFF*]."/> <!-- Lrg Spoked box Off center -->
				<alt_commands chars="T,K,A,B,C,D,E,G,H,Z,J,Y,L"/>
			</street_gen>
		</hub_rule>
		
		<hub_rule name="cityHub">
			<hub_type value="city"/>
			<width value="1260, 1680" />
			<height value="1260, 1680" />
			<path_material value="asphalt" />
			<path_radius value="10" />
			<downtown_zone_size_perc value="0.5"/>

			<prefab_rule name="cityPoisHub"/>

			<street_gen level="25" length_multiplier="4">
				<axiom value="[FFCT][-FFT][+FFI][--FFN][+FFT][-FFI][++FN][F-FF+FF[-T]FF+FF+FFFF-FF-FF[+I]FF-F[+N]"/>

				<rule char="T" replace_with="F-FF+FF[-T**]FF+FF+FFFF-FF-FF[+I**]FF-F[+N*K]"/>
				<rule char="I" replace_with="F-FF+FF[-T**]FF+FF+FFFF-FF-FF[+I**]FF-F[+N*K]"/>
				<rule char="N" replace_with="F-FF+FF[-T**]FF+FF+FFFF-FF-FF[+I**]FF-F[+N*K]"/>
				<rule char="K" replace_with="[FFCT][-FFT][+FFI][--FFN][+FFT][-FFI][++FN]"/>
				<rule char="A" replace_with="[FFFF*]-[FF+FFF+FF.]++[FF-FFF-FF.]"/> <!-- 	Draws 2 rectngls side by side -->
				<rule char="B" replace_with="[FFF*]-[FF+FF+FF.]++[FF-FF-FF.]"/> <!-- Draws 2 boxes side by side -->
				<rule char="C" replace_with="F[F]-[FFA]+[FFB]+[FFJ]"/> <!-- Draws cross street -->
				<rule char="D" replace_with="F[F]-[FF*]+[FF*]"/> <!-- draw T section LFT -->
				<rule char="E" replace_with="F[F][FF*]+[FF*]"/> <!-- draw T section RT-->
				<rule char="G" replace_with="F[F]-[FF*]++[FF*]"/> <!-- draw T section -->
				<rule char="H" replace_with="F[F]-[FF*]"/> <!-- LFT Turn-->
				<rule char="Z" replace_with="F[F]+[FF*]"/> <!-- RT Turn-->
				<rule char="J" replace_with="F[F]-F+F[-FF*]F+F[-FF*]F+F[-FF*]F+F."/> <!-- Center Spoked Box -->
				<rule char="Y" replace_with="F[F]-F[FF*]+F[FF*]+F[FF*]+F[FF*]."/> <!-- Small Spoked box off center -->
				<rule char="L" replace_with="FF[F]-FF[FFF*]+FF[FFF*]+FF[FFF*]+FF[FFF*]."/> <!-- Lrg Spoked box Off center -->
				<alt_commands chars="T,K,A,B,C,D,E,G,H,Z,J,Y,L"/>
			</street_gen>
		</hub_rule>
	
		<!-- Town style Hubs and Pois -->
		<hub_rule name="townSmall">
			<hub_type value="town"/>
			<width value="315, 420" />
			<height value="315, 420" />
			<path_material value="dirt" />
			<path_radius value="8" />

			<prefab_rule name="townPois"/>

			<street_gen level="15" length_multiplier="4">
				<axiom value="[FFCT][-FFT][+FFI][--FFN][+FFT][-FFI][++FN][F-FF+FF[-T]FF+FF+FFFF-FF-FF[+I]FF-F[+N]"/>

				<rule char="T" replace_with="F-FF+FF[-T**]FF+FF+FFFF-FF-FF[+I**]FF-F[+N*K]"/>
				<rule char="I" replace_with="F-FF+FF[-T**]FF+FF+FFFF-FF-FF[+I**]FF-F[+N*K]"/>
				<rule char="N" replace_with="F-FF+FF[-T**]FF+FF+FFFF-FF-FF[+I**]FF-F[+N*K]"/>
				<rule char="K" replace_with="[FFCT][-FFT][+FFI][--FFN][+FFT][-FFI][++FN]"/>
				<rule char="A" replace_with="[FFFF*]-[FF+FFF+FF.]++[FF-FFF-FF.]"/> <!-- 	Draws 2 rectngls side by side -->
				<rule char="B" replace_with="[FFF*]-[FF+FF+FF.]++[FF-FF-FF.]"/> <!-- Draws 2 boxes side by side -->
				<rule char="C" replace_with="F[F]-[FFA]+[FFB]+[FFJ]"/> <!-- Draws cross street -->
				<rule char="D" replace_with="F[F]-[FF*]+[FF*]"/> <!-- draw T section LFT -->
				<rule char="E" replace_with="F[F][FF*]+[FF*]"/> <!-- draw T section RT-->
				<rule char="G" replace_with="F[F]-[FF*]++[FF*]"/> <!-- draw T section -->
				<rule char="H" replace_with="F[F]-[FF*]"/> <!-- LFT Turn-->
				<rule char="Z" replace_with="F[F]+[FF*]"/> <!-- RT Turn-->
				<rule char="J" replace_with="F[F]-F+F[-FF*]F+F[-FF*]F+F[-FF*]F+F."/> <!-- Center Spoked Box -->
				<rule char="Y" replace_with="F[F]-F[FF*]+F[FF*]+F[FF*]+F[FF*]."/> <!-- Small Spoked box off center -->
				<rule char="L" replace_with="FF[F]-FF[FFF*]+FF[FFF*]+FF[FFF*]+FF[FFF*]."/> <!-- Lrg Spoked box Off center -->
				<alt_commands chars="T,I,N,K,A,B,C,D,E,G,H,Z,J,Y,L"/>
			</street_gen>
		</hub_rule>
		
		<hub_rule name="townMedium">
			<hub_type value="town"/>
			<width value="378, 525" />
			<height value="378, 525" />
			<path_material value="asphalt" />
			<path_radius value="8" />

			<prefab_rule name="townPois"/>

			<street_gen level="20" length_multiplier="4">
				<axiom value="[FFCT][-FFT][+FFI][--FFN][+FFT][-FFI][++FN][F-FF+FF[-T]FF+FF+FFFF-FF-FF[+I]FF-F[+N]"/>

				<rule char="T" replace_with="F-FF+FF[-T**]FF+FF+FFFF-FF-FF[+I**]FF-F[+N*K]"/>
				<rule char="I" replace_with="F-FF+FF[-T**]FF+FF+FFFF-FF-FF[+I**]FF-F[+N*K]"/>
				<rule char="N" replace_with="F-FF+FF[-T**]FF+FF+FFFF-FF-FF[+I**]FF-F[+N*K]"/>
				<rule char="K" replace_with="[FFCT][-FFT][+FFI][--FFN][+FFT][-FFI][++FN]"/>
				<rule char="A" replace_with="[FFFF*]-[FF+FFF+FF.]++[FF-FFF-FF.]"/> <!-- 	Draws 2 rectngls side by side -->
				<rule char="B" replace_with="[FFF*]-[FF+FF+FF.]++[FF-FF-FF.]"/> <!-- Draws 2 boxes side by side -->
				<rule char="C" replace_with="F[F]-[FFA]+[FFB]+[FFJ]"/> <!-- Draws cross street -->
				<rule char="D" replace_with="F[F]-[FF*]+[FF*]"/> <!-- draw T section LFT -->
				<rule char="E" replace_with="F[F][FF*]+[FF*]"/> <!-- draw T section RT-->
				<rule char="G" replace_with="F[F]-[FF*]++[FF*]"/> <!-- draw T section -->
				<rule char="H" replace_with="F[F]-[FF*]"/> <!-- LFT Turn-->
				<rule char="Z" replace_with="F[F]+[FF*]"/> <!-- RT Turn-->
				<rule char="J" replace_with="F[F]-F+F[-FF*]F+F[-FF*]F+F[-FF*]F+F."/> <!-- Center Spoked Box -->
				<rule char="Y" replace_with="F[F]-F[FF*]+F[FF*]+F[FF*]+F[FF*]."/> <!-- Small Spoked box off center -->
				<rule char="L" replace_with="FF[F]-FF[FFF*]+FF[FFF*]+FF[FFF*]+FF[FFF*]."/> <!-- Lrg Spoked box Off center -->
				<alt_commands chars="T,I,N,K,A,B,C,D,E,G,H,Z,J,Y,L"/>
			</street_gen>
		</hub_rule>

		<hub_rule name="townLarge">
			<hub_type value="town"/>
			<width value="504, 630" />
			<height value="504, 630" />
			<path_material value="asphalt" />
			<path_radius value="8" />

			<prefab_rule name="townPois"/>

			<street_gen level="20" length_multiplier="4">
				<axiom value="[FFCT][-FFT][+FFI][--FFN][+FFT][-FFI][++FN][F-FF+FF[-T]FF+FF+FFFF-FF-FF[+I]FF-F[+N]"/>

				<rule char="T" replace_with="F-FF+FF[-T**]FF+FF+FFFF-FF-FF[+I**]FF-F[+N*K]"/>
				<rule char="I" replace_with="F-FF+FF[-T**]FF+FF+FFFF-FF-FF[+I**]FF-F[+N*K]"/>
				<rule char="N" replace_with="F-FF+FF[-T**]FF+FF+FFFF-FF-FF[+I**]FF-F[+N*K]"/>
				<rule char="K" replace_with="[FFCT][-FFT][+FFI][--FFN][+FFT][-FFI][++FN]"/>
				<rule char="A" replace_with="[FFFF*]-[FF+FFF+FF.]++[FF-FFF-FF.]"/> <!-- 	Draws 2 rectngls side by side -->
				<rule char="B" replace_with="[FFF*]-[FF+FF+FF.]++[FF-FF-FF.]"/> <!-- Draws 2 boxes side by side -->
				<rule char="C" replace_with="F[F]-[FFA]+[FFB]+[FFJ]"/> <!-- Draws cross street -->
				<rule char="D" replace_with="F[F]-[FF*]+[FF*]"/> <!-- draw T section LFT -->
				<rule char="E" replace_with="F[F][FF*]+[FF*]"/> <!-- draw T section RT-->
				<rule char="G" replace_with="F[F]-[FF*]++[FF*]"/> <!-- draw T section -->
				<rule char="H" replace_with="F[F]-[FF*]"/> <!-- LFT Turn-->
				<rule char="Z" replace_with="F[F]+[FF*]"/> <!-- RT Turn-->
				<rule char="J" replace_with="F[F]-F+F[-FF*]F+F[-FF*]F+F[-FF*]F+F."/> <!-- Center Spoked Box -->
				<rule char="Y" replace_with="F[F]-F[FF*]+F[FF*]+F[FF*]+F[FF*]."/> <!-- Small Spoked box off center -->
				<rule char="L" replace_with="FF[F]-FF[FFF*]+FF[FFF*]+FF[FFF*]+FF[FFF*]."/> <!-- Lrg Spoked box Off center -->
				<alt_commands chars="T,I,N,K,A,B,C,D,E,G,H,Z,J,Y,L"/>
			</street_gen>
		</hub_rule>
	
		<!-- Rural style Hubs and Pois -->
		<hub_rule name="ruralSmall">
			<hub_type value="rural"/>
			<width value="168, 252" />
			<height value="168, 252" />
			<path_material value="dirt" />
			<path_radius value="6" />

			<prefab_rule name="ruralPois"/>

			<street_gen level="10" length_multiplier="4">
				<axiom value="[FFCT][-FFT][+FFI][--FFN][+FFT][-FFI][++FN][F-FF+FF[-T]FF+FF+FFFF-FF-FF[+I]FF-F[+N]"/>

				<rule char="T" replace_with="F-FF+FF[-T**]FF+FF+FFFF-FF-FF[+I**]FF-F[+N*K]"/>
				<rule char="I" replace_with="F-FF+FF[-T**]FF+FF+FFFF-FF-FF[+I**]FF-F[+N*K]"/>
				<rule char="N" replace_with="F-FF+FF[-T**]FF+FF+FFFF-FF-FF[+I**]FF-F[+N*K]"/>
				<rule char="K" replace_with="[FFCT][-FFT][+FFI][--FFN][+FFT][-FFI][++FN]"/>
				<rule char="A" replace_with="[FFFF*]-[FF+FFF+FF.]++[FF-FFF-FF.]"/> <!-- 	Draws 2 rectngls side by side -->
				<rule char="B" replace_with="[FFF*]-[FF+FF+FF.]++[FF-FF-FF.]"/> <!-- Draws 2 boxes side by side -->
				<rule char="C" replace_with="F[F]-[FFA]+[FFB]+[FFJ]"/> <!-- Draws cross street -->
				<rule char="D" replace_with="F[F]-[FF*]+[FF*]"/> <!-- draw T section LFT -->
				<rule char="E" replace_with="F[F][FF*]+[FF*]"/> <!-- draw T section RT-->
				<rule char="G" replace_with="F[F]-[FF*]++[FF*]"/> <!-- draw T section -->
				<rule char="H" replace_with="F[F]-[FF*]"/> <!-- LFT Turn-->
				<rule char="Z" replace_with="F[F]+[FF*]"/> <!-- RT Turn-->
				<rule char="J" replace_with="F[F]-F+F[-FF*]F+F[-FF*]F+F[-FF*]F+F."/> <!-- Center Spoked Box -->
				<rule char="Y" replace_with="F[F]-F[FF*]+F[FF*]+F[FF*]+F[FF*]."/> <!-- Small Spoked box off center -->
				<rule char="L" replace_with="FF[F]-FF[FFF*]+FF[FFF*]+FF[FFF*]+FF[FFF*]."/> <!-- Lrg Spoked box Off center -->
				<alt_commands chars="T,I,N,K,A,B,C,D,E,G,H,Z,J,Y,L"/>
			</street_gen>
		</hub_rule>
		
		<hub_rule name="ruralMedium">
			<hub_type value="rural"/>
			<width value="168, 273" />
			<height value="168, 273" />
			<path_material value="dirt" />
			<path_radius value="6" />

			<prefab_rule name="ruralPois"/>

			<street_gen level="10" length_multiplier="4">
				<axiom value="[FFCT][-FFT][+FFI][--FFN][+FFT][-FFI][++FN][F-FF+FF[-T]FF+FF+FFFF-FF-FF[+I]FF-F[+N]"/>

				<rule char="T" replace_with="F-FF+FF[-T**]FF+FF+FFFF-FF-FF[+I**]FF-F[+N*K]"/>
				<rule char="I" replace_with="F-FF+FF[-T**]FF+FF+FFFF-FF-FF[+I**]FF-F[+N*K]"/>
				<rule char="N" replace_with="F-FF+FF[-T**]FF+FF+FFFF-FF-FF[+I**]FF-F[+N*K]"/>
				<rule char="K" replace_with="[FFCT][-FFT][+FFI][--FFN][+FFT][-FFI][++FN]"/>
				<rule char="A" replace_with="[FFFF*]-[FF+FFF+FF.]++[FF-FFF-FF.]"/> <!-- 	Draws 2 rectngls side by side -->
				<rule char="B" replace_with="[FFF*]-[FF+FF+FF.]++[FF-FF-FF.]"/> <!-- Draws 2 boxes side by side -->
				<rule char="C" replace_with="F[F]-[FFA]+[FFB]+[FFJ]"/> <!-- Draws cross street -->
				<rule char="D" replace_with="F[F]-[FF*]+[FF*]"/> <!-- draw T section LFT -->
				<rule char="E" replace_with="F[F][FF*]+[FF*]"/> <!-- draw T section RT-->
				<rule char="G" replace_with="F[F]-[FF*]++[FF*]"/> <!-- draw T section -->
				<rule char="H" replace_with="F[F]-[FF*]"/> <!-- LFT Turn-->
				<rule char="Z" replace_with="F[F]+[FF*]"/> <!-- RT Turn-->
				<rule char="J" replace_with="F[F]-F+F[-FF*]F+F[-FF*]F+F[-FF*]F+F."/> <!-- Center Spoked Box -->
				<rule char="Y" replace_with="F[F]-F[FF*]+F[FF*]+F[FF*]+F[FF*]."/> <!-- Small Spoked box off center -->
				<rule char="L" replace_with="FF[F]-FF[FFF*]+FF[FFF*]+FF[FFF*]+FF[FFF*]."/> <!-- Lrg Spoked box Off center -->
				<alt_commands chars="T,I,N,K,A,B,C,D,E,G,H,Z,J,Y,L"/>
			</street_gen>
		</hub_rule>

		<hub_rule name="ruralLarge">
			<hub_type value="rural"/>
			<width value="252, 357" />
			<height value="252, 357" />
			<path_material value="dirt" />
			<path_radius value="6" />

			<prefab_rule name="ruralPois"/>

			<street_gen level="15" length_multiplier="4">
				<axiom value="[FFCT][-FFT][+FFI][--FFN][+FFT][-FFI][++FN][F-FF+FF[-T]FF+FF+FFFF-FF-FF[+I]FF-F[+N]"/>

				<rule char="T" replace_with="F-FF+FF[-T**]FF+FF+FFFF-FF-FF[+I**]FF-F[+N*K]"/>
				<rule char="I" replace_with="F-FF+FF[-T**]FF+FF+FFFF-FF-FF[+I**]FF-F[+N*K]"/>
				<rule char="N" replace_with="F-FF+FF[-T**]FF+FF+FFFF-FF-FF[+I**]FF-F[+N*K]"/>
				<rule char="K" replace_with="[FFCT][-FFT][+FFI][--FFN][+FFT][-FFI][++FN]"/>
				<rule char="A" replace_with="[FFFF*]-[FF+FFF+FF.]++[FF-FFF-FF.]"/> <!-- 	Draws 2 rectngls side by side -->
				<rule char="B" replace_with="[FFF*]-[FF+FF+FF.]++[FF-FF-FF.]"/> <!-- Draws 2 boxes side by side -->
				<rule char="C" replace_with="F[F]-[FFA]+[FFB]+[FFJ]"/> <!-- Draws cross street -->
				<rule char="D" replace_with="F[F]-[FF*]+[FF*]"/> <!-- draw T section LFT -->
				<rule char="E" replace_with="F[F][FF*]+[FF*]"/> <!-- draw T section RT-->
				<rule char="G" replace_with="F[F]-[FF*]++[FF*]"/> <!-- draw T section -->
				<rule char="H" replace_with="F[F]-[FF*]"/> <!-- LFT Turn-->
				<rule char="Z" replace_with="F[F]+[FF*]"/> <!-- RT Turn-->
				<rule char="J" replace_with="F[F]-F+F[-FF*]F+F[-FF*]F+F[-FF*]F+F."/> <!-- Center Spoked Box -->
				<rule char="Y" replace_with="F[F]-F[FF*]+F[FF*]+F[FF*]+F[FF*]."/> <!-- Small Spoked box off center -->
				<rule char="L" replace_with="FF[F]-FF[FFF*]+FF[FFF*]+FF[FFF*]+FF[FFF*]."/> <!-- Lrg Spoked box Off center -->
				<alt_commands chars="T,I,N,K,A,B,C,D,E,G,H,Z,J,Y,L"/>
			</street_gen>
		</hub_rule>
		
		<!-- Produces No Hubs -->
		<hub_rule name="noHub">
			<hub_type value="rural"/>
			<width value="100, 100" />
			<height value="100, 100" />
			<path_material value="dirt" />
			<path_radius value="6" />

			<prefab_rule name="ruralPois"/>

			<street_gen level="1" length_multiplier="1">
				<axiom value="[F]"/>

				<rule char="A" replace_with="F"/>
				
				<alt_commands chars="A"/>
			</street_gen>
		</hub_rule>

		<hub_rule name="customHubTest">
		
			<hub_type value="city"/>
			<hub_layout name="customHubTest"/>

			<prefab_rule name="cityPois"/>
		</hub_rule>
		
	</hub_rules>

	<wilderness_rules>
		<!-- Wilderness pois for city cell -->
		<wilderness_rule name="wildernessCity" spawn_min_max="30,35"> <!-- increase spawn_min_max="" to add more wilderness pois for each cell area -->
			<path_material value="asphalt" />
			<path_radius value="4" />
			<path_adjust_terrain value="false"/>
			<prefab_rule name="wildernessGroupCity" prob="1"/>
		</wilderness_rule>
		<!-- Wilderness pois for town cell -->
		<wilderness_rule name="wildernessTown" spawn_min_max="35,40"> <!-- increase spawn_min_max="" to add more wilderness pois for each cell area -->
			<path_material value="gravel" />
			<path_radius value="3" />
			<path_adjust_terrain value="false"/>
			<prefab_rule name="wildernessGroupTown" prob="1"/>
		</wilderness_rule>
		<!-- Wilderness pois for rural cell -->
		<wilderness_rule name="wildernessRural" spawn_min_max="40,45"> <!-- increase spawn_min_max="" to add more wilderness pois for each cell area -->
			<path_material value="dirt" />
			<path_radius value="2" />
			<path_adjust_terrain value="false"/>
			<prefab_rule name="wildernessGroupRural" prob="1"/>
		</wilderness_rule>
		
		<wilderness_rule name="wildernessWasteland" spawn_min_max="15,25"> <!-- increase spawn_min_max="" to add more wilderness pois for each cell area -->
			<path_material value="dirt" />
			<path_radius value="2" />
			<path_adjust_terrain value="false"/>
			<prefab_rule name="wildernessGroupWasteland" prob="1"/>
		</wilderness_rule>
		
	</wilderness_rules>

	<prefab_rules>
	
		<prefab_rule name="none"/>
		
		<prefab_rule name="asiatownPOIS">
			<prefab name="xcostum_Asia_Apartments(by_magoli)" min_count="1" max_count="2" />
			<prefab name="xcostum_Asia_ChineseMarket(by_magoli)" min_count="1" max_count="2" />
			<prefab name="xcostum_Asia_Dojo(by_RedLotus)" min_count="1" max_count="2" />
			<prefab name="xcostum_Asia_KhooKongsi(by_StompyNZ)" min_count="1" max_count="2" />
			<prefab name="xcostum_Asia_KungFuSchool(by_magoli)" min_count="1" max_count="2" />
			<prefab name="xcostum_Asia_Livinghouse_sm_01(by_magoli)" min_count="1" max_count="3" />
			<prefab name="xcostum_Asia_ModernCottage_01(by_StompyNZ)" min_count="1" max_count="2" />
			<prefab name="xcostum_Asia_Pagoda(by_RedLotus)" min_count="1" max_count="2" />
			<prefab name="xcostum_Asia_Pagoda_sm_01(by_magoli)" min_count="1" max_count="2" />			
			<prefab name="xcostum_Asia_Restaurant(by_Redlotus)" min_count="1" max_count="1" />
			<prefab name="xcostum_Asia_Restaurant_city(by_Redlotus)" min_count="1" max_count="1" />
			<prefab name="xcostum_Asia_Swordmaster(by_magoli)" min_count="1" max_count="1" />
			<prefab name="xcostum_Asia_Temple9Powermonks(by_magoli)" min_count="1" max_count="2" />
			<prefab name="xcostum_Asia_TempleMiddleVillage(by_SylenThunder)" min_count="1" max_count="1" />
			<prefab name="xcostum_Asia_ChineseGate(by_XXX)" />
			<prefab name="trailer_01" max_count="1" />
			<prefab name="trailer_02" max_count="1" />
			<prefab name="trailer_03" max_count="1" />
			<prefab name="trailer_04" max_count="1" />
			<prefab name="trailer_park_01" max_count="1" />
			<prefab name="garageyellow1" max_count="1" />
			<prefab name="garagewhite1" max_count="1" />
			<prefab name="garagetan1" max_count="1" />
			<prefab name="garagestucco1" max_count="1" />
			<prefab name="store_book_lg_01" prob="0.6" max_count="1" />
			<prefab name="xcostum_Flagstonemansion_sm(by_elitelex)" max_count="1" />			
			<prefab name="store_pharmacy_sm_01" max_count="1" />
			<prefab name="parking_lot_03" max_count="1"/>
			<prefab name="xvanilla_Trailerhousemix03" max_count="1" />			
		</prefab_rule>
		
		<!-- Poi group list for use in hubs -->
		<prefab_rule name="cityPoisHub">
			<prefab rule="residentialNewGroup"/>
			<!-- <prefab rule="commercialGroupCity"/>
			<prefab rule="downtownGroupCity"/>
			<prefab rule="industrialGroupCity"/> -->
			<prefab rule="hubCity"/>
			<prefab rule="detailFillerGroup"/>
		</prefab_rule>
		
		<prefab_rule name="cityPois">
			<prefab rule="residentialOldGroup"/>
			<prefab rule="residentialNewGroup"/>
			<prefab rule="commercialGroupCity"/>
			<prefab rule="downtownGroupCity"/>
			<prefab rule="industrialGroupCity"/>
			<prefab rule="ruralGroupCity"/>
			<prefab rule="detailFillerGroup"/>
		</prefab_rule>
		
		<prefab_rule name="townPois">
			<prefab rule="residentialOldGroup"/>
			<prefab rule="residentialNewGroup"/>
			<prefab rule="commercialGroupTown"/>
			<prefab rule="downtownGroupTown"/>
			<prefab rule="industrialGroupTown"/>
			<prefab rule="ruralGroupTown"/>
			<prefab rule="detailFillerGroup"/>
		</prefab_rule>
		
		<prefab_rule name="ruralPois">
			<prefab rule="residentialOldGroup"/>
			<prefab rule="residentialNewGroup"/>
			<prefab rule="commercialGroupRural"/>
			<prefab rule="downtownGroupRural"/>
			<prefab rule="industrialGroupRural"/>
			<prefab rule="ruralGroupRural"/>
			<prefab rule="detailFillerGroup"/>
		</prefab_rule>
		
		<prefab_rule name="hubCity">
			<prefab rule="waterPois" max_count="3"/>
			<prefab rule="skyscrapers" min_count="3" max_count="6"/>
			<prefab name="store_gun_lg_01" prob="0.5" max_count="1"/>
			<prefab name="store_hardware_lg_01" prob="0.5" max_count="1"/>
			<prefab name="store_book_lg_01" prob="0.5" max_count="1"/>
			<prefab name="store_grocery_lg_01" prob="0.5" max_count="1"/>
			<prefab name="store_bank_lg_01" max_count="1"/>
			<prefab name="gas_station1" max_count="1" prob="0.2"/>
			<prefab name="gas_station2" max_count="1" prob="0.21"/>
			<prefab name="gas_station3" max_count="1" prob="0.22"/>
			<prefab name="gas_station4" max_count="1" prob="0.23"/>
			<prefab name="gas_station5" max_count="1" prob="0.24"/>
			<prefab name="diner_01" max_count="1"/>
			<prefab name="diner_02" max_count="1"/>
			<prefab name="fastfood_01" max_count="1"/>
			<prefab name="fastfood_02" max_count="1"/>
			<prefab name="fastfood_03" max_count="1"/>
			<prefab name="carlot_01" max_count="1" prob="0.5"/>
			<prefab name="carlot_02" max_count="1" prob="0.5"/>
			<prefab name="store_autoparts_01" max_count="2"/>
			<prefab name="skate_park_01"  max_count="1" prob="0.1"/>
			<prefab name="store_laundry_01" max_count="4" />
			<prefab name="store_salon" max_count="4" />
		</prefab_rule>
		
		<prefab_rule name="wildernessGroupWasteland">
			<prefab rule="traderGroup" min_count="2" max_count="4"/>
			<prefab rule="waterPois" min_count="5" max_count="7" prob="0.9"/>
			<prefab name="cave_01" max_count="2"/>
			<prefab name="cave_02" max_count="2"/>
			<prefab name="cave_03" max_count="2"/>
			<prefab name="cave_04" max_count="2"/>
		</prefab_rule>
		
		<!-- list of prefabs used for old Residential area in Hubs-->
		<prefab_rule name="residentialOldGroup">
			<prefab rule="waterPois" max_count="3"/>
			<prefab name="abandoned_house_01" max_count="3"/>
			<prefab name="abandoned_house_02" max_count="3"/>
			<prefab name="abandoned_house_03" max_count="3"/>
			<prefab name="abandoned_house_04" max_count="3"/>
			<prefab name="abandoned_house_05" max_count="3"/>
			<prefab name="abandoned_house_06" max_count="3"/>
			<prefab name="abandoned_house_07" max_count="3"/>
			<prefab name="abandoned_house_08" max_count="3"/>
			<prefab name="bombshelter_lg_01" max_count="1"/>
			<prefab name="bombshelter_md_01" max_count="1"/>
			<prefab name="cemetery_01" max_count="3"/>
			<prefab name="cemetery_02" max_count="3"/>
			<prefab name="church_graveyard1" max_count="1"/>
			<prefab name="garagebrick" max_count="3"/>
			<prefab name="garageblue1" max_count="3"/>
			<prefab name="garageyellow1" max_count="3"/>
			<prefab name="garagewhite1" max_count="3"/>
			<prefab name="garagetan1" max_count="3"/>
			<prefab name="garagestucco1" max_count="3"/>
			<prefab name="garagegreen1" max_count="3"/>
			<prefab name="garageburnt1" max_count="3"/>
			<prefab name="houseburnt1" max_count="3"/>
			<prefab name="houseburnt2" max_count="3"/>
			<prefab name="houseburnt3" max_count="3"/>
			<prefab name="houseburnt3b" max_count="3"/>
			<prefab name="houseburnt4" max_count="3"/>
			<prefab name="houseburnt5" max_count="3"/>
			<prefab name="housewhite1basement" max_count="3"/>
			<prefab name="housewhitepyramid3" max_count="3"/>
			<prefab name="housetanpyramid2" max_count="3"/>
			<prefab name="housewhitepyramid1" max_count="3"/>
			<prefab name="housewhitepyramid2" max_count="3"/>
			<prefab name="housegreen1" max_count="3"/>
			<prefab name="houseblue1" max_count="3"/>
			<prefab name="housestucco1" max_count="3"/>
			<prefab name="housestucco2" max_count="3"/>
			<prefab name="housestucco3" max_count="3"/>
			<prefab name="housebrick1" max_count="3"/>
			<prefab name="housewhite1" max_count="3"/>
			<prefab name="housewhite2" max_count="3"/>
			<prefab name="housetan2" max_count="3"/>
			<prefab name="houseyellow1" max_count="3"/>
			<prefab name="houseyellowpyramid3" max_count="3"/>
			<prefab name="house_trailer_blue_01" max_count="3"/>
			<prefab name="house_trailer_burnt_01" max_count="3"/>
			<prefab name="house_trailer_green_01" max_count="3"/>
			<prefab name="house_trailer_tan_01" max_count="3"/>
			<prefab name="house_trailer_white_01" max_count="3"/>
			<prefab name="house_trailer_yellow_01" max_count="3"/>
			<prefab name="trailer_01" max_count="3"/>
			<prefab name="trailer_02" max_count="3"/>
			<prefab name="trailer_03" max_count="3"/>
			<prefab name="trailer_04" max_count="3"/>
			<prefab name="trailer_park_01" max_count="3"/>
			
			<!-- Compo Pack28 pois -->
			<!-- <prefab name="xcostum_House_AF02R(19x35)(by_Nodabba)" max_count="1" />
			<prefab name="xcostum_House_AF03D(37x54)(by_Nodabba)" max_count="1" />
			<prefab name="xcostum_House_AF03R(37x53)(by_Nodabba)" max_count="1" />
			<prefab name="xcostum_House_AF04D(15x15)(by_Nodabba)" max_count="1" />
			<prefab name="xcostum_House_AF04R(15x15)(by_Nodabba)" max_count="1" />
			<prefab name="xcostum_House_AF05D(14x17)(by_Nodabba)" max_count="1" />
			<prefab name="xcostum_House_AF05R(14x17)(by_Nodabba)" max_count="1" />
			<prefab name="xcostum_House_AF06D(29x30)(by_Nodabba)" max_count="1" />
			<prefab name="xcostum_House_AF06R(29x30)(by_Nodabba)" max_count="1" />	-->		
			<prefab name="xcostum_Bunker1(by_LazMan)" max_count="1" />
			<prefab name="xcostum_Bunker2(by_LazMan)" max_count="1" />
			<prefab name="xcostum_Bunker3(by_LazMan)" max_count="1" />
			<prefab name="xcostum_Bunker_deep(by_Devilhunter)" max_count="1" />
			<prefab name="xcostum_SC_Bunker(by_Rhapsodos)" max_count="1" />
			<prefab name="xcostum_Bunker_Top(by_Fr0gb0mber)" max_count="1" />
			<prefab name="xcostum_Car_Dealership_old(by_P1ut0nium)" max_count="1" />
			<prefab name="xcostum_house2(by_Curbolt)" max_count="1" />
			<prefab name="xcostum_house3(by_Curbolt)" max_count="1" />
			<prefab name="xcostum_house4(by_Curbolt)" max_count="1" />
			<prefab name="xcostum_house7(by_Curbolt)" max_count="1" />
			<prefab name="xcostum_FuneralHome(by_Wsiegel)" max_count="1" />			
			<prefab name="xcostum_kuldbrickhouse(by_Kuldiin)" max_count="1" />			
			<prefab name="xcostum_kuldlargehouse(by_Kuldiin)" max_count="1" />
			<prefab name="xcostum_Apartment(by_Spider)" max_count="1" />			
			<prefab name="xcostum_moestaverne(by_magoli)" max_count="1" />
			<prefab name="xcostum_Restaurant(by_Gertle)" max_count="1" />
			<prefab name="xcostum_Cantine(by_Limodor)" max_count="1" />			
			<prefab name="xcostum_nationalparkLodge(by_Laz_Man)" max_count="1" />
			<prefab name="xcostum_TittyTwister(by_Sorrowthief)" max_count="1" />
			<prefab name="xcostum_Warehouse(by_Batman)" max_count="1" />
			<prefab name="xcostum_Farm(by_BigC90210)" max_count="1" />
			<prefab name="xcostum_Haulier_md(by_Limodor)" max_count="1" />
			<prefab name="xcostum_Household_Storage_sm(by_Devilhunter)" max_count="1" />
			<prefab name="xcostum_Info_Center(by_LuckyStar)" max_count="1" />	
			<prefab name="xcostum_Trailer(by_Sorrowthief)" max_count="1" />
			<prefab name="xvanilla_Trailerhousemix01" max_count="1" />		
			<prefab name="xvanilla_Trailerhousemix02" max_count="1" />
			<prefab name="xvanilla_Trailerhousemix03" max_count="1" />
			<prefab name="xvanilla_Trailerhousemix04" max_count="1" />
			<prefab name="xcostum_LittleLeagueBaseball(by_Curmudgeon)" max_count="1" />
			<prefab name="xcostum_Rangercabin(by_Guppycur)" max_count="1" />
			<prefab name="xcostum_Hightop(by_Curbolt)" max_count="1" />
			<prefab name="xcostum_Hospital(by_Wsiegel)" max_count="1" />			
			<prefab name="xcostum_Park(by_Guppycur)" max_count="1" />
		</prefab_rule>

		<!-- List of Prefabs used for New Residential area in Hubs--> 
		<prefab_rule name="residentialNewGroup">
			<prefab rule="waterPois" max_count="3"/>
			<prefab name="house_new_mansion_01" max_count="1"/>
			<prefab name="house_new_mansion_02" max_count="1"/>
			<prefab name="house_new_mansion_03" max_count="1"/>
			<prefab name="house_new_01" max_count="4"/>
			<prefab name="house_new_02" max_count="4"/>
			<prefab name="house_new_03" max_count="4"/>
			<prefab name="house_new_04" max_count="4"/>
			<prefab name="house_new_05" max_count="4"/>
			<prefab name="house_new_06" max_count="4"/>
			<prefab name="houseranchwhite1" max_count="4"/>
			<prefab name="houseranchtan1" max_count="4"/>
			<prefab name="houseranchtan2" max_count="4"/>
			<prefab name="houseranchblue1" max_count="4"/>
			<prefab name="church_sm_01" max_count="3"/>
			<prefab name="hospital_01_rg"  max_count="1"/>
			<prefab name="school_01" min_count="1" max_count="1"/>
			<prefab name="school_k6_01" min_count="1" max_count="1"/>
			<prefab name="school_daycare_01" min_count="1" max_count="1"/>
			<prefab name="football_stadium"  max_count="1"/>
			<prefab name="apartment_adobe_red_5_flr" max_count="1" />
			<prefab name="apartment_brick_6_flr" max_count="1" />
			<prefab name="funeral_home_01" max_count="1" />
			
			<!-- Compo pack28 Pois -->
			<!-- <prefab name="xcostum_House_AF01P(19x35)(by_Nodabba)" max_count="1" />
			<prefab name="xcostum_House_AF02P(17x16)(by_Nodabba)" max_count="1" />			
			<prefab name="xcostum_House_AF03P(35x54)(by_Nodabba)" max_count="1" />			
			<prefab name="xcostum_House_AF04P(15x15)(by_Nodabba)" max_count="1" />
			<prefab name="xcostum_House_AF05P(14x19)(by_Nodabba)" max_count="1" /> -->
			<prefab name="xcostum_Car_Dealership_new(by_p1ut0nium)" max_count="1" />
			<prefab name="xcostum_Dark_Mausoleum32(by_LuckyStar)" max_count="1" />
			<prefab name="xcostum_Church(by_Guppycur)" max_count="1" />
			<prefab name="xcostum_crematory(by_magoli)" max_count="1" />
			<prefab name="xcostum_Guildhall(ex_vanilla_ornate01)" max_count="1" />
			<prefab name="xcostum_Orphanage(ex_vanilla_ornate02)" max_count="1" />			
			<prefab name="xcostum_School(by_LazMan)" max_count="1" />
			<prefab name="xcostum_TownHall(by_Guppycur)" max_count="1" />
			<prefab name="xcostum_House(by_LastI)" max_count="1" />
			<prefab name="xcostum_House(by_ShoNuff)" max_count="1" />
			<prefab name="xcostum_Manorhouse(by_WereWulfen)" max_count="1" />
			<prefab name="xcostum_myhouse(by_magoli)" max_count="1" />
			<prefab name="xcostum_Nicehouse(by_BigC90210)" max_count="1" />
			<prefab name="xcostum_simpsonshouse(by_magoli)" max_count="1" />
			<prefab name="xcostum_Flagstonemansion_sm(by_elitelex)" max_count="1" />			
			<prefab name="xcostum_Alms_house(ex_vanilla_ornate03)" max_count="1" />
			<prefab name="xcostum_Apartment(by_Gertle)" min_count="1" max_count="1" />
			<prefab name="xcostum_Apartments(by_Batman)" min_count="1" max_count="1" />
			<prefab name="xcostum_WulftownA(by_WereWulfen)" max_count="1" />
			<prefab name="xcostum_House(by_LastI)" max_count="1" />
			<prefab name="xcostum_House(by_ShoNuff)" max_count="1" />
			<prefab name="xcostum_Twinhaus-Hostel(by__Tom_GERPVE)" max_count="1" />
			<prefab name="xcostum_house01(byGuppycur)" max_count="1" />
			<prefab name="xcostum_house02(byGuppycur)" max_count="1" />
			<prefab name="xcostum_house03(byGuppycur)" max_count="1" />
			<prefab name="xcostum_house04(byGuppycur)" max_count="1" />
			<prefab name="xcostum_house05(byGuppycur)" max_count="1" />
			<prefab name="xcostum_collapsed_bldg_01(by_BuLLeTZ)" max_count="1" />
			<prefab name="xcostum_ZHigh(by_Volar)" max_count="1" prob="0.4"/>
			<prefab name="xcostum_FuneralParlor(by_Zombieman)" max_count="1" prob="0.1" />
			<prefab name="xcostum_icestadium(by_magoli)" max_count="1" prob="0.3"/>
			<prefab name="xcostum_TheEstate(by_Ekk0)" max_count="1" prob="0.3" />
		</prefab_rule>

		<!-- List of Prefabs used for commercial area in city hubs--> 
		<prefab_rule name="commercialGroupCity">
			<prefab name="store_gun_sm_01" prob="0.6" max_count="2"/>
			<prefab name="store_gun_lg_01" prob="0.4" max_count="1"/>
			<prefab name="store_pharmacy_sm_01" max_count="2"/>
			<prefab name="store_hardware_sm_01" prob="0.6" max_count="2"/>
			<prefab name="store_hardware_lg_01" prob="0.4" max_count="1"/>
			<prefab name="store_book_sm_01" prob="0.6" max_count="2"/>
			<prefab name="store_book_lg_01" prob="0.4" max_count="1"/>
			<prefab name="store_grocery_lg_01" prob="0.4" max_count="2"/>
			<prefab name="store_grocery_sm_01" prob="0.6" max_count="1"/>
			<prefab name="store_bank_lg_01" max_count="1"/>
			<prefab name="gas_station1" max_count="1"/>
			<prefab name="gas_station2" max_count="1"/>
			<prefab name="gas_station3" max_count="1"/>
			<prefab name="gas_station4" max_count="1"/>
			<prefab name="gas_station5" max_count="1"/>
			<prefab name="diner_01" max_count="2"/>
			<prefab name="diner_02" max_count="2"/>
			<prefab name="fastfood_01" max_count="2"/>
			<prefab name="fastfood_02" max_count="2"/>
			<prefab name="fastfood_03" max_count="2"/>
			<prefab name="carlot_01" max_count="2"/>
			<prefab name="carlot_02" max_count="2"/>
			<prefab name="store_autoparts_01" max_count="1"/>
			<prefab name="skate_park_01"  max_count="1"/>
			<prefab name="store_laundry_01" max_count="1" />
			<prefab name="store_salon" max_count="1" />
			
			<!-- Compo Pack28 Pois -->
			<prefab name="xcostum_GasnWash32(by_LuckyStar)" max_count="1" />
			<prefab name="xcostum_GasStation(by_Warsaken)" max_count="1" />	
			<prefab name="xcostum_Bavarian_Bowse_Shop(by_magoli)" prob="0.5" max_count="1" />
			<prefab name="xcostum_kwikemart(by_magoli)"  prob="0.3" max_count="1" />
			<prefab name="xcostum_timbershop(by_magoli)" max_count="1" />
			<prefab name="xcostum_tv_store(by_magoli)" max_count="1" />
			<prefab name="xcostum_Pawnshop(by_magoli)" max_count="1" />
			<prefab name="xcostum_Wooden_Store(by_Guppycur)" max_count="1" />
			<prefab name="xcostum_McDonalds(by_BigC90210)" max_count="1" />			
			<prefab name="xcostum_Tank_Garage(by_LuckyStar)" max_count="1" />
			<prefab name="xcostum_Bank(by_Guppycur)" max_count="1" />
			<prefab name="xcostum_Bank(by_Limodor)" max_count="1" />
			<prefab name="xcostum_MultiStore(by_ANT)" max_count="1" />
			<prefab name="xcostum_SuperStore(by_Volar)" max_count="1" />
			<prefab name="xcostum_Shrub_Conservatory(by_Werewulfen)" min_count="1" max_count="1" />
			<prefab name="xcostum_Store_Automotive_sm(by_Laz_Man)" min_count="1" max_count="1" />
			<prefab name="xcostum_Stripmall(by_Guppycur)" min_count="1" max_count="1" />
			<prefab name="xcostum_townsquare(by_snake0567)" min_count="1" max_count="1" />
			<prefab name="xcostum_Warehouse(by_Illidua)" max_count="1" />
			<prefab name="xcostum_pistol_gunshop(by_magoli)" max_count="1" />
			<prefab name="xcostum_McDowell_restaurant(by_LazMan)" max_count="1" />
			<prefab name="xcostum_seafoodshop(by_Guppycur)" max_count="1" />
			<prefab name="xcostum_storeset1(by_Guppycur)" max_count="1" />
			<prefab name="xcostum_storeset2(by_Guppycur)" max_count="1" />
			<prefab name="xcostum_WulftownCD(by_WereWulfen)" max_count="1" prob="0.2" />
			<prefab name="xcostum_Glass_factory_big(by_Khyber)" max_count="1" prob="0.2" />
			<prefab name="xcostum_minigolf(by_magoli)" max_count="1" prob="0.1" />
		</prefab_rule>
		
		<!-- List of Prefabs used for commercial area in town hubs--> 
		<prefab_rule name="commercialGroupTown">
			<prefab name="store_gun_sm_01" prob="0.9" max_count="1"/>
			<prefab name="store_gun_lg_01" prob="0.1" max_count="1"/>
			<prefab name="store_pharmacy_sm_01" max_count="1"/>
			<prefab name="store_hardware_sm_01" prob="0.9" max_count="1"/>
			<prefab name="store_hardware_lg_01" prob="0.1" max_count="1"/>
			<prefab name="store_book_sm_01" prob="0.5" max_count="1"/>
			<prefab name="store_book_lg_01" prob="0.5" max_count="1"/>
			<prefab name="store_grocery_sm_01" prob="0.9" max_count="1"/>
			<prefab name="store_grocery_lg_01" prob="0.1" max_count="1"/>
			<prefab name="store_bank_lg_01" max_count="1"/>
			<prefab name="gas_station1" max_count="1" prob="0.2"/>
			<prefab name="gas_station2" max_count="1" prob="0.21"/>
			<prefab name="gas_station3" max_count="1" prob="0.22"/>
			<prefab name="gas_station4" max_count="1" prob="0.23"/>
			<prefab name="gas_station5" max_count="1" prob="0.24"/>
			<prefab name="diner_01" max_count="1"/>
			<prefab name="diner_02" max_count="1"/>
			<prefab name="fastfood_01" max_count="1"/>
			<prefab name="fastfood_02" max_count="1"/>
			<prefab name="fastfood_03" max_count="1"/>
			<prefab name="carlot_01" max_count="1" prob="0.5"/>
			<prefab name="carlot_02" max_count="1" prob="0.5"/>
			<prefab name="store_autoparts_01" max_count="2"/>
			<prefab name="skate_park_01"  max_count="1" prob="0.1"/>
			<prefab name="store_laundry_01" max_count="4" />
			<prefab name="store_salon" max_count="4" />
			
			<!-- Compo Pack28 Pois -->
			<prefab name="xcostum_GasnWash32(by_LuckyStar)" max_count="1" />
			<prefab name="xcostum_GasStation(by_Warsaken)" max_count="1" />	
			<prefab name="xcostum_Bavarian_Bowse_Shop(by_magoli)" prob="0.5" max_count="1" />
			<prefab name="xcostum_kwikemart(by_magoli)"  prob="0.3" max_count="1" />
			<prefab name="xcostum_timbershop(by_magoli)" max_count="1" />
			<prefab name="xcostum_tv_store(by_magoli)" max_count="1" />
			<prefab name="xcostum_Pawnshop(by_magoli)" max_count="1" />
			<prefab name="xcostum_Wooden_Store(by_Guppycur)" max_count="1" />
			<prefab name="xcostum_McDonalds(by_BigC90210)" max_count="1" />			
			<prefab name="xcostum_Bank(by_Guppycur)" max_count="1" prob="0.5"/>
			<prefab name="xcostum_Bank(by_Limodor)" max_count="1" prob="0.5"/>
			<prefab name="xcostum_MultiStore(by_ANT)" max_count="1" />
			<prefab name="xcostum_SuperStore(by_Volar)" max_count="1" />
			<prefab name="xcostum_Shrub_Conservatory(by_Werewulfen)" min_count="1" max_count="1" />
			<prefab name="xcostum_Store_Automotive_sm(by_Laz_Man)" min_count="1" max_count="1" />
			<prefab name="xcostum_Stripmall(by_Guppycur)" min_count="1" max_count="1" />
			<prefab name="xcostum_townsquare(by_snake0567)" min_count="1" max_count="1" />
			<prefab name="xcostum_Warehouse(by_Illidua)" max_count="1" />
			<prefab name="xcostum_pistol_gunshop(by_magoli)" max_count="1" />
			<prefab name="xcostum_McDowell_restaurant(by_LazMan)" max_count="1" />
			<prefab name="xcostum_seafoodshop(by_Guppycur)" max_count="1" />
			<prefab name="xcostum_storeset1(by_Guppycur)" max_count="1" />
			<prefab name="xcostum_storeset2(by_Guppycur)" max_count="1" />
			<prefab name="xcostum_WulftownCD(by_WereWulfen)" max_count="1" prob="0.2" />
			<prefab name="xcostum_Glass_factory_big(by_Khyber)" max_count="1" prob="0.2" />
			<prefab name="xcostum_minigolf(by_magoli)" max_count="1" prob="0.1" />
		</prefab_rule>
		
		<!-- List of Prefabs used for commercial area in rural hubs--> 
		<prefab_rule name="commercialGroupRural">
			<prefab name="store_gun_sm_01" max_count="1"/>
			<prefab name="store_pharmacy_sm_01" max_count="1"/>
			<prefab name="store_hardware_sm_01" prob="0.5" max_count="1"/>
			<prefab name="store_hardware_lg_01" prob="0.5" max_count="1"/>
			<prefab name="store_book_sm_01" prob="0.5" max_count="1"/>
			<prefab name="store_grocery_sm_01" max_count="1"/>
			<prefab name="store_bank_lg_01" max_count="1" prob="0.1"/>
			<prefab name="gas_station1" max_count="1" prob="0.1"/>
			<prefab name="gas_station2" max_count="1" prob="0.1"/>
			<prefab name="gas_station3" max_count="1" prob="0.1"/>
			<prefab name="gas_station4" max_count="1" prob="0.1"/>
			<prefab name="gas_station5" max_count="1" prob="0.1"/>
			<prefab name="diner_01" max_count="1"/>
			<prefab name="diner_02" max_count="1"/>
			<prefab name="fastfood_01" max_count="1"/>
			<prefab name="fastfood_02" max_count="1"/>
			<prefab name="fastfood_03" max_count="1"/>
			<prefab name="carlot_01" max_count="1" prob="0.2"/>
			<prefab name="carlot_02" max_count="1" prob="0.2"/>
			<prefab name="store_autoparts_01" max_count="1"/>
			<prefab name="store_laundry_01" max_count="3"/>
			<prefab name="store_salon" max_count="3"/>
			
			<!-- Compo Pack28 Pois -->
			<prefab name="xcostum_GasnWash32(by_LuckyStar)" max_count="1" />
			<prefab name="xcostum_GasStation(by_Warsaken)" max_count="1" />	
			<prefab name="xcostum_Bavarian_Bowse_Shop(by_magoli)" prob="0.5" max_count="1" />
			<prefab name="xcostum_kwikemart(by_magoli)"  prob="0.3" max_count="1" />
			<prefab name="xcostum_timbershop(by_magoli)" max_count="1" />
			<prefab name="xcostum_tv_store(by_magoli)" max_count="1" />
			<prefab name="xcostum_Pawnshop(by_magoli)" max_count="1" />
			<prefab name="xcostum_Wooden_Store(by_Guppycur)" max_count="1" />
			<prefab name="xcostum_Bank(by_Guppycur)" max_count="1" prob="0.1"/>
			<prefab name="xcostum_Bank(by_Limodor)" max_count="1" prob="0.1"/>
			<prefab name="xcostum_MultiStore(by_ANT)" max_count="1" />
			<prefab name="xcostum_Store_Automotive_sm(by_Laz_Man)" min_count="1" max_count="1" />
			<prefab name="xcostum_Stripmall(by_Guppycur)" min_count="1" max_count="1" />
			<prefab name="xcostum_townsquare(by_snake0567)" min_count="1" max_count="1" />
			<prefab name="xcostum_Warehouse(by_Illidua)" max_count="1" />
			<prefab name="xcostum_pistol_gunshop(by_magoli)" max_count="1" prob="0.1"/>
			<prefab name="xcostum_McDowell_restaurant(by_LazMan)" max_count="1" />
			<prefab name="xcostum_seafoodshop(by_Guppycur)" max_count="1" />
			<prefab name="xcostum_storeset1(by_Guppycur)" max_count="1" prob="0.1"/>
			<prefab name="xcostum_storeset2(by_Guppycur)" max_count="1" prob="0.1"/>
			<prefab name="xcostum_WulftownCD(by_WereWulfen)" max_count="1" prob="0.1" />
			<prefab name="xcostum_Glass_factory_big(by_Khyber)" max_count="1" prob="0.2" />
			<prefab name="xcostum_minigolf(by_magoli)" max_count="1" prob="0.4" />
		</prefab_rule>

		<!-- List of Prefabs used for downtown area in city hubs--> 
		<prefab_rule name="downtownGroupCity">
			<prefab rule="skyscrapers" max_count="6"/>
			<prefab name="business_red_brick_01" max_count="3"/>
			<prefab name="business_red_brick_02" max_count="3"/>
			<prefab name="business_red_brick_03" max_count="3"/>
			<prefab name="business_red_brick_04" max_count="3"/>
			<prefab name="business_red_brick_05" max_count="3"/>
			<prefab name="business_red_brick_06" max_count="3"/>
			<prefab name="business_red_brick_07" max_count="3"/>
			<prefab name="business_tan_brick_01" max_count="3"/>
			<prefab name="business_tan_brick_02" max_count="3"/>
			<prefab name="business_tan_brick_03" max_count="3"/>
			<prefab name="business_tan_brick_04" max_count="3"/>
			<prefab name="business_tan_brick_05" max_count="3"/>
			<prefab name="business_strip_old_01" max_count="2"/>
			<prefab name="business_strip_old_02" max_count="2"/>
			<prefab name="courthouse_med_01" max_count="1" />
			<prefab name="courthouse_med_02" max_count="1" />
			<prefab name="post_office_sm_01" max_count="1" />
			<prefab name="post_office_med_01" max_count="1" />
			<prefab name="mp_waste_bldg_governer_08" max_count="1"/>
			<prefab name="police_station1" max_count="1"/>
			<prefab name="hotel_roadside_01" max_count="2"/>
			<prefab name="hotel_roadside_02" max_count="2"/>
			<prefab name="hotel_ostrich" max_count="1"/>
			<prefab name="hotel_new_01" max_count="2"/>
			<prefab name="prison_01" max_count="1"/>
			<prefab name="parking_lot_01" max_count="2"/>
			<prefab name="parking_lot_02" max_count="2"/>
			<prefab name="parking_lot_03" max_count="2"/>
			<prefab name="parking_garage_01" max_count="2"/>
			<prefab name="theater_01"  max_count="1"/>
			<prefab name="bar_theater_01"  max_count="1"/>
			<prefab name="bar_stripclub_01" max_count="2"/>
			<prefab name="bar_sm_01" max_count="2"/>
			<prefab name="fire_station_01" max_count="1"/>
			<prefab name="fire_station_02" max_count="1"/>
			<prefab name="store_pawn_01" max_count="1" />
			
			<!-- Compo Pack28 Pois -->
			<prefab name="xcostum_stripclub(by_magoli)" max_count="1" prob="0.2"/>
			<prefab name="xcostum_StripClub(by_Wsiegel)" max_count="1" prob="0.2"/>
			<prefab name="xcostum_ArtGallery(by_Wsiegel)" max_count="1"/>			
			<prefab name="xcostum_Firedepartment(by_Guppycur)" max_count="1" prob="0.2"/>
			<prefab name="xcostum_Firehouse(by_Warsaken)" max_count="1" prob="0.2"/>
			<prefab name="xcostum_Firestation(by_Slick50)" max_count="1" prob="0.2"/>
			<prefab name="xcostum_rollerskatedisco(by_magoli)" max_count="1" />
			<prefab name="xcostum_TV_Tower_Restaurant(by_magoli)" max_count="1" />
			<prefab name="xcostum_CasinoANKH(by_magoli)" max_count="1" />
			<prefab name="xcostum_Brownstones_House(by_Laz_Man)" max_count="1" />
			<prefab name="xcostum_Apartments_Curtilage_Playground(by_magoli)" max_count="1" />
			<prefab name="xcostum_CityPark(by_Spider)" max_count="1" />
			<prefab name="xcostum_MiniMall(by_Spider)" max_count="1" />
			<prefab name="xcostum_3BlockStores(by_Leo_Liuos)" max_count="1" />
			<prefab name="xcostum_Apartment_Stores(by_Laz_Man)" max_count="1" />
			<prefab name="xcostum_Asia_Restaurant_city(by_Redlotus)" max_count="1" />			
			<prefab name="xcostum_Courthouse(by_stallionsden)" max_count="1" />
			<prefab name="xcostum_TheSect_Followers-of-M(by_magoli)" max_count="1" />
			<prefab name="xcostum_Hightop(by_Curbolt)" max_count="1" />			
			<prefab name="xcostum_UnionStation(by_BuLLeTZ)" max_count="1" />
		</prefab_rule>
		
		<!-- List of Prefabs used for downtown area in town hubs-->
		<prefab_rule name="downtownGroupTown">
			<prefab name="business_red_brick_01" max_count="3"/>
			<prefab name="business_red_brick_02" max_count="3"/>
			<prefab name="business_red_brick_03" max_count="3"/>
			<prefab name="business_red_brick_04" max_count="3"/>
			<prefab name="business_red_brick_05" max_count="3"/>
			<prefab name="business_red_brick_06" max_count="3"/>
			<prefab name="business_red_brick_07" max_count="3"/>
			<prefab name="business_tan_brick_01" max_count="3"/>
			<prefab name="business_tan_brick_02" max_count="3"/>
			<prefab name="business_tan_brick_03" max_count="3"/>
			<prefab name="business_tan_brick_04" max_count="3"/>
			<prefab name="business_tan_brick_05" max_count="3"/>
			<prefab name="business_strip_old_01" max_count="2"/>
			<prefab name="business_strip_old_02" max_count="2"/>
			<prefab name="courthouse_med_01" max_count="1" prob="0.5"/>
			<prefab name="courthouse_med_02" max_count="1" prob="0.5"/>
			<prefab name="post_office_sm_01" max_count="1" prob="0.5"/>
			<prefab name="post_office_med_01" max_count="1" prob="0.5"/>
			<prefab name="mp_waste_bldg_governer_08" max_count="1" prob="0.1"/>
			<prefab name="police_station1" max_count="1"/>
			<prefab name="hotel_roadside_01" max_count="1" prob="0.25"/>
			<prefab name="hotel_roadside_02" max_count="1" prob="0.25"/>
			<prefab name="hotel_ostrich" max_count="1" prob="0.25"/>
			<prefab name="hotel_new_01" max_count="1" prob="0.25"/>
			<prefab name="prison_01" max_count="1"/>
			<prefab name="parking_lot_01" max_count="1" prob="0.25"/>
			<prefab name="parking_lot_02" max_count="1" prob="0.25"/>
			<prefab name="parking_lot_03" max_count="1" prob="0.25"/>
			<prefab name="parking_garage_01" max_count="1" prob="0.1"/>
			<prefab name="theater_01"  max_count="1" prob="0.1"/>
			<prefab name="bar_theater_01"  max_count="1" prob="0.1"/>
			<prefab name="bar_stripclub_01" max_count="1"/>
			<prefab name="bar_sm_01" max_count="1"/>
			<prefab name="fire_station_01" max_count="1" prob="0.5"/>
			<prefab name="fire_station_02" max_count="1" prob="0.5"/>
			<prefab name="store_pawn_01" max_count="2" />
			
			<!-- Compo Pack28 Pois -->
			<prefab name="xcostum_bowlingcenter(by_magoli)" max_count="1" prob="0.2"/>
			<prefab name="xcostum_circus(by_magoli)" max_count="1" prob="0.2"/>
			<prefab name="xcostum_stripclub(by_magoli)" max_count="1" prob="0.1"/>
			<prefab name="xcostum_StripClub(by_Wsiegel)" max_count="1" prob="0.1"/>
			<prefab name="xcostum_ArtGallery(by_Wsiegel)" max_count="1" prob="0.2"/>			
			<prefab name="xcostum_Firedepartment(by_Guppycur)" max_count="1" prob="0.15"/>
			<prefab name="xcostum_Firehouse(by_Warsaken)" max_count="1" prob="0.15"/>
			<prefab name="xcostum_Firestation(by_Slick50)" max_count="1" prob="0.15"/>
			<prefab name="xcostum_Alms_house(ex_vanilla_ornate03)" max_count="1" />
			<prefab name="xcostum_rollerskatedisco(by_magoli)" max_count="1" prob="0.2"/>
			<prefab name="xcostum_Brownstones_House(by_Laz_Man)" max_count="1" prob="0.2"/>
			<prefab name="xcostum_Apartments_Curtilage_Playground(by_magoli)" max_count="1" prob="0.2"/>
			<prefab name="xcostum_CityPark(by_Spider)" max_count="1" prob="0.2"/>
			<prefab name="xcostum_MiniMall(by_Spider)" max_count="1" prob="0.2"/>
			<prefab name="xcostum_3BlockStores(by_Leo_Liuos)" max_count="1" />
			<prefab name="xcostum_Apartment_Stores(by_Laz_Man)" max_count="1" prob="0.2"/>
			<prefab name="xcostum_Asia_Restaurant_city(by_Redlotus)" max_count="1" prob="0.1"/>			
			<prefab name="xcostum_Courthouse(by_stallionsden)" max_count="1" prob="0.1"/>
			<prefab name="xcostum_CurlingCenter(by_magoli)" max_count="1" prob="0.2"/>
			<prefab name="xcostum_TheSect_Followers-of-M(by_magoli)" max_count="1" />
		</prefab_rule>
		
		<!-- List of Prefabs used for downtown area in rural hubs-->
		<prefab_rule name="downtownGroupRural">
			<prefab name="business_red_brick_01" max_count="3"/>
			<prefab name="business_red_brick_02" max_count="3"/>
			<prefab name="business_red_brick_03" max_count="3"/>
			<prefab name="business_red_brick_04" max_count="3"/>
			<prefab name="business_red_brick_05" max_count="3"/>
			<prefab name="business_red_brick_06" max_count="3"/>
			<prefab name="business_red_brick_07" max_count="3"/>
			<prefab name="business_tan_brick_01" max_count="3"/>
			<prefab name="business_tan_brick_02" max_count="3"/>
			<prefab name="business_tan_brick_03" max_count="3"/>
			<prefab name="business_tan_brick_04" max_count="3"/>
			<prefab name="business_tan_brick_05" max_count="3"/>
			<prefab name="business_strip_old_01" max_count="2"/>
			<prefab name="business_strip_old_02" max_count="2"/>
			<prefab name="courthouse_med_01" max_count="1" prob="0.1"/>
			<prefab name="courthouse_med_02" max_count="1" prob="0.1"/>
			<prefab name="post_office_sm_01" max_count="1" />
			<prefab name="post_office_med_01" max_count="1" prob="0.1"/>
			<prefab name="mp_waste_bldg_governer_08" max_count="1" prob="0.1"/>
			<prefab name="police_station1" max_count="1"/>
			<prefab name="hotel_roadside_01" max_count="2" prob="0.25"/>
			<prefab name="hotel_roadside_02" max_count="2" prob="0.25"/>
			<prefab name="hotel_ostrich" max_count="1" prob="0.25"/>
			<prefab name="prison_01" max_count="1"/>
			<prefab name="theater_01"  max_count="1" prob="0.1"/>
			<prefab name="bar_stripclub_01" max_count="2" prob="0.5"/>
			<prefab name="bar_sm_01" max_count="1" prob="0.5"/>
			<prefab name="fire_station_01" max_count="1" prob="0.2"/>
			<prefab name="fire_station_02" max_count="1" prob="0.2"/>
			<prefab name="store_pawn_01" max_count="1" />
			
			<!-- Compo Pack28 Pois -->
			<prefab name="xcostum_bowlingcenter(by_magoli)" max_count="1" prob="0.2"/>
			<prefab name="xcostum_circus(by_magoli)" max_count="1" prob="0.2"/>
			<prefab name="xcostum_stripclub(by_magoli)" max_count="1" prob="0.1"/>
			<prefab name="xcostum_StripClub(by_Wsiegel)" max_count="1" prob="0.1"/>
			<prefab name="xcostum_ArtGallery(by_Wsiegel)" max_count="1" prob="0.2"/>			
			<prefab name="xcostum_Firedepartment(by_Guppycur)" max_count="1" prob="0.05"/>
			<prefab name="xcostum_Firehouse(by_Warsaken)" max_count="1" prob="0.05"/>
			<prefab name="xcostum_Firestation(by_Slick50)" max_count="1" prob="0.05"/>
			<prefab name="xcostum_Alms_house(ex_vanilla_ornate03)" max_count="1" prob="0.05"/>
			<prefab name="xcostum_rollerskatedisco(by_magoli)" max_count="1" prob="0.3"/>
			<prefab name="xcostum_Brownstones_House(by_Laz_Man)" max_count="1" prob="0.05"/>
			<prefab name="xcostum_3BlockStores(by_Leo_Liuos)" max_count="1" />	
			<prefab name="xcostum_Courthouse(by_stallionsden)" max_count="1" prob="0.05"/>
			<prefab name="xcostum_CurlingCenter(by_magoli)" max_count="1" prob="0.1"/>
			<prefab name="xcostum_TheSect_Followers-of-M(by_magoli)" max_count="1" prob="0.05"/>
		</prefab_rule>

		<!-- List of Prefabs used for industrial area in city hubs-->
		<prefab_rule name="industrialGroupCity">
			<prefab name="utility_waterworks_01" max_count="1"/>
			<prefab name="utility_electric_co_01" max_count="1"/>
			<prefab name="utility_refinery_01" max_count="1"/>
			<prefab name="settlement_01" max_count="1"/>
			<prefab name="factory_lg_01" max_count="2"/>
			<prefab name="factory_lg_02" max_count="2"/>
			<prefab name="installation_red_mesa" max_count="1"/>
			<prefab name="sawmill_01_snow" max_count="1"/>
			<prefab name="mp_waste_bldg_01_white" max_count="3"/>
			<prefab name="mp_waste_bldg_03_white" max_count="3"/>
			<prefab name="mp_waste_bldg_04_white" max_count="3"/>
			<prefab name="mp_waste_bldg_01_red" max_count="3"/>
			<prefab name="mp_waste_bldg_02_red" max_count="3"/>
			<prefab name="mp_waste_bldg_03_red" max_count="3"/>
			<prefab name="mp_waste_bldg_04_red" max_count="3"/>
			<prefab name="mp_waste_bldg_01_tan" max_count="3"/>
			<prefab name="mp_waste_bldg_02_tan" max_count="3"/>
			<prefab name="mp_waste_bldg_03_tan" max_count="3"/>
			<prefab name="mp_waste_bldg_04_tan" max_count="3"/>
			<prefab name="mp_waste_bldg_04_grey" max_count="3"/>
			<prefab name="mp_waste_bldg_05_grey" max_count="3"/>
			<prefab name="mp_waste_bldg_06_grey" max_count="3"/>
			<prefab name="waste_rubble_bldg_01" max_count="3"/>
			<prefab name="waste_rubble_bldg_02" max_count="3"/>
			<prefab name="waste_rubble_bldg_03" max_count="3"/>
			<prefab name="waste_rubble_bldg_04" max_count="3"/>
			<prefab name="waste_rubble_bldg_05" max_count="3"/>
			<prefab name="waste_rubble_bldg_06" max_count="3"/>
			<prefab name="waste_rubble_bldg_07" max_count="3"/>
			<prefab name="waste_rubble_bldg_08" max_count="3"/>
			<prefab name="waste_rubble_bldg_09" max_count="3"/>
			<prefab name="mp_waste_sewer_hole_1" max_count="3"/>
			<prefab name="vacant_lot_med_01" max_count="1"/>
			<prefab name="vacant_lot_med_02" max_count="1"/>
			<prefab name="vacant_lot_sm_01" max_count="1"/>
			<prefab name="vacant_lot_sm_02" max_count="1"/>
			<prefab name="junkyard_lg_01" max_count="1"/>
			<prefab name="junkyard_med_01" max_count="1"/>
			<prefab name="army_barracks_01" max_count="1"/>
			<prefab name="utility_celltower_02" max_count="1"/>
			<prefab name="utility_celltower_01" max_count="1"/>
			
			<!-- Compo Pack28 Pois -->
			<prefab name="xcostum_Power_Station(by_LuckyStar)" max_count="1" />
			<prefab name="xcostum_Cell_Tower(by_LuckyStar)" max_count="1" />
			<prefab name="xcostum_Science_lab(by_kinklade)" max_count="1" prob="0.1"/>
			<prefab name="xcostum_Prison1(by_Curbolt)" max_count="1" prob="0.1"/>		
			<prefab name="xcostum_Haulier_lg(by_Limodor)" max_count="1" />
			<prefab name="xcostum_CountyJail(by_Volar)" max_count="1" prob="0.1"/>
			<prefab name="xcostum_Plant(by_Wsiegel)" max_count="1" />
			<prefab name="xcostum_Windowfactory(by_magoli)" max_count="1" />
		</prefab_rule>
		
		<!-- List of Prefabs used for industrial area in town hubs-->
		<prefab_rule name="industrialGroupTown">
			<prefab name="utility_waterworks_01" max_count="1" prob="0.3"/>
			<prefab name="utility_electric_co_01" max_count="1" prob="0.3"/>
			<prefab name="utility_refinery_01" max_count="1" prob="0.3"/>
			<prefab name="settlement_01" max_count="1"/>
			<prefab name="factory_lg_01" max_count="2"/>
			<prefab name="factory_lg_02" max_count="2"/>
			<prefab name="installation_red_mesa" max_count="1" prob="0.4"/>
			<prefab name="sawmill_01_snow" max_count="1"/>
			<prefab name="mp_waste_bldg_01_white" max_count="3"/>
			<prefab name="mp_waste_bldg_03_white" max_count="3"/>
			<prefab name="mp_waste_bldg_04_white" max_count="3"/>
			<prefab name="mp_waste_bldg_01_red" max_count="3"/>
			<prefab name="mp_waste_bldg_02_red" max_count="3"/>
			<prefab name="mp_waste_bldg_03_red" max_count="3"/>
			<prefab name="mp_waste_bldg_04_red" max_count="3"/>
			<prefab name="mp_waste_bldg_01_tan" max_count="3"/>
			<prefab name="mp_waste_bldg_02_tan" max_count="3"/>
			<prefab name="mp_waste_bldg_03_tan" max_count="3"/>
			<prefab name="mp_waste_bldg_04_tan" max_count="3"/>
			<prefab name="mp_waste_bldg_04_grey" max_count="3"/>
			<prefab name="mp_waste_bldg_05_grey" max_count="3"/>
			<prefab name="mp_waste_bldg_06_grey" max_count="3"/>
			<prefab name="waste_rubble_bldg_01" max_count="3"/>
			<prefab name="waste_rubble_bldg_02" max_count="3"/>
			<prefab name="waste_rubble_bldg_03" max_count="3"/>
			<prefab name="waste_rubble_bldg_04" max_count="3"/>
			<prefab name="waste_rubble_bldg_05" max_count="3"/>
			<prefab name="waste_rubble_bldg_06" max_count="3"/>
			<prefab name="waste_rubble_bldg_07" max_count="3"/>
			<prefab name="waste_rubble_bldg_08" max_count="3"/>
			<prefab name="waste_rubble_bldg_09" max_count="3"/>
			<prefab name="mp_waste_sewer_hole_1" max_count="3"/>
			<prefab name="junkyard_lg_01" max_count="1"/>
			<prefab name="junkyard_med_01" max_count="1"/>
			<prefab name="vacant_lot_med_01" max_count="1"/>
			<prefab name="vacant_lot_med_02" max_count="1"/>
			<prefab name="vacant_lot_sm_01" max_count="1"/>
			<prefab name="vacant_lot_sm_02" max_count="1"/>
			<prefab name="army_barracks_01" max_count="1" prob="0.25"/>
			<prefab name="utility_celltower_02" max_count="1"/>
			<prefab name="utility_celltower_01" max_count="1"/>
			
			<!-- Compo Pack28 Pois -->
			<prefab name="xcostum_Power_Station(by_LuckyStar)" max_count="1" prob="0.1"/>
			<prefab name="xcostum_Hydro_Plant(by_LuckyStar)" max_count="1" prob="0.1"/>
			<prefab name="xcostum_Cell_Tower(by_LuckyStar)" max_count="1" prob="0.1"/>
			<prefab name="xcostum_Prison1(by_Curbolt)" max_count="1" prob="0.05"/>
			<prefab name="xcostum_Asylum(by_Wsiegel)" max_count="1" prob="0.2"/>			
			<prefab name="xcostum_Haulier_lg(by_Limodor)" max_count="1" prob="0.1"/>
			<prefab name="xcostum_CountyJail(by_Volar)" max_count="1" prob="0.05"/>
			<prefab name="xcostum_Plant(by_Wsiegel)" max_count="1" prob="0.1"/>
			<prefab name="xcostum_Windowfactory(by_magoli)" max_count="1" prob="0.2"/>
		</prefab_rule>
		
		<!-- List of Prefabs used for industrial area in rural hubs-->
		<prefab_rule name="industrialGroupRural">
			<prefab name="utility_waterworks_01" max_count="1" prob="0.2"/>
			<prefab name="utility_electric_co_01" max_count="1" prob="0.2"/>
			<prefab name="utility_refinery_01" max_count="1" prob="0.2"/>
			<prefab name="settlement_01" max_count="1"/>
			<prefab name="factory_lg_01" max_count="2"/>
			<prefab name="factory_lg_02" max_count="2"/>
			<prefab name="installation_red_mesa" max_count="1" prob="0.3"/>
			<prefab name="sawmill_01_snow" max_count="1"/>
			<prefab name="mp_waste_bldg_01_white" max_count="1"/>
			<prefab name="mp_waste_bldg_03_white" max_count="1"/>
			<prefab name="mp_waste_bldg_04_white" max_count="1"/>
			<prefab name="mp_waste_bldg_01_red" max_count="1"/>
			<prefab name="mp_waste_bldg_02_red" max_count="1"/>
			<prefab name="mp_waste_bldg_03_red" max_count="1"/>
			<prefab name="mp_waste_bldg_04_red" max_count="1"/>
			<prefab name="mp_waste_bldg_01_tan" max_count="1"/>
			<prefab name="mp_waste_bldg_02_tan" max_count="1"/>
			<prefab name="mp_waste_bldg_03_tan" max_count="1"/>
			<prefab name="mp_waste_bldg_04_tan" max_count="1"/>
			<prefab name="mp_waste_bldg_04_grey" max_count="1"/>
			<prefab name="mp_waste_bldg_05_grey" max_count="1"/>
			<prefab name="mp_waste_bldg_06_grey" max_count="1"/>
			<prefab name="waste_rubble_bldg_01" max_count="1"/>
			<prefab name="waste_rubble_bldg_02" max_count="1"/>
			<prefab name="waste_rubble_bldg_03" max_count="1"/>
			<prefab name="waste_rubble_bldg_04" max_count="1"/>
			<prefab name="waste_rubble_bldg_05" max_count="1"/>
			<prefab name="waste_rubble_bldg_06" max_count="1"/>
			<prefab name="waste_rubble_bldg_07" max_count="1"/>
			<prefab name="waste_rubble_bldg_08" max_count="1"/>
			<prefab name="waste_rubble_bldg_09" max_count="1"/>
			<prefab name="mp_waste_sewer_hole_1" max_count="1"/>
			<prefab name="junkyard_lg_01" max_count="1"/>
			<prefab name="junkyard_med_01" max_count="1"/>
			<prefab name="vacant_lot_med_01" max_count="1"/>
			<prefab name="vacant_lot_med_02" max_count="1"/>
			<prefab name="vacant_lot_sm_01" max_count="1"/>
			<prefab name="vacant_lot_sm_02" max_count="1"/>
			<prefab name="army_barracks_01" max_count="1"/>
			<prefab name="utility_celltower_02" max_count="1"/>
			<prefab name="utility_celltower_01" max_count="1"/>
			
			<!-- Compo Pack28 Pois -->
			<prefab name="xcostum_Power_Station(by_LuckyStar)" max_count="1" prob="0.3"/>
			<prefab name="xcostum_Hydro_Plant(by_LuckyStar)" max_count="1" prob="0.3"/>
			<prefab name="xcostum_Cell_Tower(by_LuckyStar)" max_count="1" prob="0.3"/>
			<prefab name="xcostum_Prison1(by_Curbolt)" max_count="1" prob="0.1"/>
			<prefab name="xcostum_Asylum(by_Wsiegel)" max_count="1" prob="0.3"/>			
			<prefab name="xcostum_Haulier_lg(by_Limodor)" max_count="1" prob="0.1"/>
			<prefab name="xcostum_CountyJail(by_Volar)" max_count="1" prob="0.3"/>
			<prefab name="xcostum_Plant(by_Wsiegel)" max_count="1" prob="0.3"/>
			<prefab name="xcostum_Windowfactory(by_magoli)" max_count="1" prob="0.5"/>
		</prefab_rule>

		<!-- List of Prefabs used for Old/New residential area in city hubs-->
		<prefab_rule name="ruralGroupCity">
			<prefab name="oldwest_stables" max_count="1"/>
			<prefab name="pond02" max_count="1"/>
			<prefab name="pond01" max_count="1"/>
			<prefab name="water_tower_01" max_count="1"/>
			<prefab name="water_tower_02" max_count="1"/>
			<prefab name="oldwest_watertower" max_count="1"/>
			<prefab name="oldwest_church" max_count="1"/>
			<prefab name="oldwest_hotel_01" max_count="2"/>
			<prefab name="oldwest_hotel_02" max_count="2"/>
			<prefab name="oldwest_jail" max_count="1"/>
			<prefab name="oldwest_md_shop_01" max_count="2"/>
			<prefab name="oldwest_md_shop_02" max_count="2"/>
			<prefab name="oldwest_md_shop_03" max_count="2"/>
			<prefab name="oldwest_md_shop_04" max_count="2"/>
			<prefab name="oldwest_sm_shop_01" max_count="2"/>
			<prefab name="oldwest_sm_shop_02" max_count="2"/>
			<prefab name="oldwest_sm_shop_03" max_count="2"/>
			
			<!-- Compo Pack28 Pois -->
			<prefab name="xcostum_nepa_base(by_Eihwaz)" max_count="1" />
			<prefab name="xcostum_Motel(by_Limodor)" max_count="1" />
			<prefab name="xcostum_DriveIn(by_Wsiegel)" max_count="1" prob="0.1"/>
			<prefab name="xcostum_Storage(by_ShoNuff)" max_count="1" />
			<prefab name="xcostum_RestArea_Desert(by_Guppycur)" max_count="1" />
			<prefab name="xcostum_Wooden_Palisade(by_LuckyStar)" max_count="1" />
		</prefab_rule>
		
		<!-- List of Prefabs used for Old/New residential area in town hubs-->
		<prefab_rule name="ruralGroupTown">
			<prefab name="blueberryfield_sm" max_count="1" prob="0.5"/>
			<prefab name="cornfield_sm" max_count="1" prob="0.5"/>
			<prefab name="cornfield_med" max_count="1" prob="0.5"/>
			<prefab name="potatofield_sm" max_count="1" prob="0.5"/>
			<prefab name="barn_01" max_count="1" prob="0.3"/>
			<prefab name="barn_02" max_count="1" prob="0.3"/>
			<prefab name="barn_03" max_count="1" prob="0.3"/>
			<prefab name="farm_shed1" max_count="2" prob="0.5"/>
			<prefab name="farm_shed2" max_count="2" prob="0.5"/>
			<prefab name="farm_shed3" max_count="2" prob="0.5"/>
			<prefab name="farm_shed4" max_count="2" prob="0.5"/>
			<prefab name="oldwest_stables" max_count="1" prob="0.3"/>
			<prefab name="pond02" max_count="1"/>
			<prefab name="pond01" max_count="1"/>
			<prefab name="water_tower_01" max_count="1"/>
			<prefab name="water_tower_02" max_count="1"/>
			<prefab name="oldwest_watertower" max_count="1"/>
			<prefab name="oldwest_church" max_count="1" />
			<prefab name="oldwest_hotel_01" max_count="1"/>
			<prefab name="oldwest_hotel_02" max_count="1"/>
			<prefab name="oldwest_jail" max_count="1"/>
			<prefab name="oldwest_md_shop_01" max_count="2"/>
			<prefab name="oldwest_md_shop_02" max_count="2"/>
			<prefab name="oldwest_md_shop_03" max_count="2"/>
			<prefab name="oldwest_md_shop_04" max_count="2"/>
			<prefab name="oldwest_sm_shop_01" max_count="2"/>
			<prefab name="oldwest_sm_shop_02" max_count="2"/>
			<prefab name="oldwest_sm_shop_03" max_count="2"/>
			
			<!-- Compo Pack28 Pois -->
			<prefab name="xcostum_TruckStop(by_magoli)" max_count="1" prob="0.1"/>
			<prefab name="xcostum_TruckStop_Garage(by_stallionsden)" max_count="1" prob="0.1"/>
			<prefab name="xcostum_TruckStop_Roadhouse(by_stallionsden)" max_count="1" prob="0.1"/>
			<prefab name="xcostum_nepa_base(by_Eihwaz)" max_count="1" prob="0.1"/>
			<prefab name="xcostum_Motel(by_Limodor)" max_count="1" prob="0.3"/>
			<prefab name="xvanilla_Trailerhousemix01" max_count="1" prob="0.1"/>
			<prefab name="xvanilla_Trailerhousemix02" max_count="1" prob="0.1"/>
			<prefab name="xvanilla_Trailerhousemix03" max_count="1" prob="0.1"/>
			<prefab name="xvanilla_Trailerhousemix04" max_count="1" prob="0.1"/>
			<prefab name="xcostum_DriveIn(by_Wsiegel)" max_count="1" prob="0.3"/>
			<prefab name="xcostum_Storage(by_ShoNuff)" max_count="1" prob="0.2"/>
			<prefab name="xcostum_RestArea_Desert(by_Guppycur)" max_count="1" />
			<prefab name="xcostum_Wooden_Palisade(by_LuckyStar)" max_count="1" prob="0.1"/>
		</prefab_rule>
		
		<!-- List of Prefabs used for Old/New residential area in rural hubs-->
		<prefab_rule name="ruralGroupRural">
			<prefab name="blueberryfield_sm" max_count="4"/>
			<prefab name="cornfield_sm" max_count="4"/>
			<prefab name="cornfield_med" max_count="4"/>
			<prefab name="potatofield_sm" max_count="4"/>
			<prefab name="barn_01" max_count="1"/>
			<prefab name="barn_02" max_count="1"/>
			<prefab name="barn_03" max_count="1"/>
			<prefab name="farm_shed1" max_count="2"/>
			<prefab name="farm_shed2" max_count="2"/>
			<prefab name="farm_shed3" max_count="2"/>
			<prefab name="farm_shed4" max_count="2"/>
			<prefab name="oldwest_stables" max_count="1"/>
			<prefab name="pond02" max_count="1"/>
			<prefab name="pond01" max_count="1"/>
			<prefab name="water_tower_01" max_count="1"/>
			<prefab name="water_tower_02" max_count="1"/>
			<prefab name="oldwest_watertower" max_count="1"/>
			<prefab name="oldwest_church" max_count="1"/>
			<prefab name="oldwest_hotel_01" max_count="1" prob="0.5"/>
			<prefab name="oldwest_hotel_02" max_count="1" prob="0.5"/>
			<prefab name="oldwest_jail" max_count="1"/>
			<prefab name="oldwest_md_shop_01" max_count="1"/>
			<prefab name="oldwest_md_shop_02" max_count="1"/>
			<prefab name="oldwest_md_shop_03" max_count="1"/>
			<prefab name="oldwest_md_shop_04" max_count="1"/>
			<prefab name="oldwest_sm_shop_01" max_count="1"/>
			<prefab name="oldwest_sm_shop_02" max_count="1"/>
			<prefab name="oldwest_sm_shop_03" max_count="1"/>
			
			<!-- Compo Pack28 Pois -->
			<prefab name="xcostum_TruckStop(by_magoli)" max_count="1" prob="0.3"/>
			<prefab name="xcostum_TruckStop_Garage(by_stallionsden)" max_count="1" prob="0.3"/>
			<prefab name="xcostum_TruckStop_Roadhouse(by_stallionsden)" max_count="1" prob="0.3"/>
			<prefab name="xcostum_Motel(by_Limodor)" max_count="1" />
			<prefab name="xvanilla_cornfield_md" max_count="1" prob="0.4"/>			
			<prefab name="xvanilla_cornfield_sm" max_count="1" prob="0.4"/>
			<prefab name="xvanilla_potatofield1" max_count="1" prob="0.4"/>
			<prefab name="xvanilla_Trailerhousemix01" max_count="1" />
			<prefab name="xvanilla_Trailerhousemix02" max_count="1" />
			<prefab name="xvanilla_Trailerhousemix03" max_count="1" />
			<prefab name="xvanilla_Trailerhousemix04" max_count="1" />
			<prefab name="xcostum_DriveIn(by_Wsiegel)" max_count="1" prob="0.75"/>
			<prefab name="xcostum_Storage(by_ShoNuff)" max_count="1" prob="0.5"/>
			<prefab name="xcostum_RestArea_Desert(by_Guppycur)" max_count="1" prob="0.3"/>
		</prefab_rule>

		<!-- Prefabs you'll find in the wilds as dictated by cell area (for cityCells) -->
		<prefab_rule name="wildernessGroupCity">
			<prefab rule="traderGroup" min_count="2" max_count="4"/>
			<prefab rule="waterPois" min_count="2" max_count="3" prob="0.9"/>
			<prefab name="cabin_01" max_count="3"/>
			<prefab name="cabin_02_sm" max_count="3"/>
			<prefab name="cabin_03_lg" max_count="3"/>
			<prefab name="cabin_04_md" max_count="3"/>
			<prefab name="cabin_05_lg" max_count="3"/>
			<prefab name="cabin_06_lg" max_count="3"/>
			<prefab name="cabin_snow_hidden_01" max_count="3"/>
			<prefab name="ranger_station1" max_count="1" prob="0.2"/>
			<prefab name="snowy_ski_lodge" max_count="3"/>
			<prefab name="campsite_01" max_count="3" prob="0.2"/>
			<prefab name="campsite_02" max_count="3" prob="0.2"/>
			<prefab name="campsite_03" max_count="3" prob="0.2"/>
			<prefab name="campsite_04" max_count="3" prob="0.2"/>
			<prefab name="campsite_06" max_count="3" prob="0.2"/>
			<prefab name="campsite_06a" max_count="3" prob="0.2"/>
			<prefab name="campsite_07" max_count="3" prob="0.2"/>
			<prefab name="campsite_07a" max_count="3" prob="0.2"/>
			<prefab name="army_camp_01" max_count="2" prob="0.5"/>
			<prefab name="army_camp_02" max_count="2" prob="0.5"/>
			<prefab name="army_camp_03" max_count="2" prob="0.5"/>
			<prefab name="indian_burial_grounds_01" max_count="3" prob="0.05"/>
			<prefab name="oldwest_graveyard" max_count="3" prob="0.1"/>
			<prefab name="cave_01" max_count="2" prob="0.15"/>
			<prefab name="cave_02" max_count="2" prob="0.15"/>
			<prefab name="cave_03" max_count="2" prob="0.15"/>
			<prefab name="cave_04" max_count="2" prob="0.15"/>
			
			<!-- Compo Pack28 Pois -->
			<prefab name="xvanilla_army_camp(universal)" max_count="1" />		
			<prefab name="xcostum_Polarstation(by_magoli)" max_count="1" prob="0.4" />			
			<prefab name="xcostum_WWHouse(by_IceJudge)" max_count="1" prob="0.4"/>
			<prefab name="xcostum_Safehouse(by_Limodor)" max_count="1" prob="0.4"/>
			<prefab name="xcostum_wastelandtrain(by_Horst)" max_count="1" prob="0.4" />
			<prefab name="xcostum_Trailer(by_Sorrowthief)" max_count="1" />
			<prefab name="xcostum_Villa(by_Limodor)" max_count="1" prob="0.4"/>
			<prefab name="xcostum_House(by_ShoNuff)" max_count="1" prob="0.4" />
			<prefab name="xcostum_NSiteMissileSilo(byEphoie)" max_count="1" prob="0.3" />
			<prefab name="xcostum_Stonehenge(by_magoli)" max_count="1" prob="0.2" />
			<prefab name="xcostum_Treehouse_sm(by_magoli)" max_count="1" prob="0.2" />
			<prefab name="xcostum_Cabin(by_Sudo)" max_count="1" prob="0.4"/>
			<prefab name="xcostum_PersianMansion(by_saeid)" max_count="1" prob="0.3" />
			<prefab name="xcostum_burialshrine(by_snake0567)" max_count="1" prob="0.2" />
			<prefab name="xcostum_Nuket0wn(by_Limodor)" max_count="1" prob="0.3"/>
			<prefab name="xcostum_Recycling(by_Limodor)" max_count="1" prob="0.3" />			
			<prefab name="xcostum_strandresort(by_magoli)" max_count="1" prob="0.3"/>
    		<prefab name="xcostum_Tavern(by_Limodor)" max_count="1" prob="0.3"/>
			<prefab name="xcostum_H0bbit(by_Limodor)" max_count="1" prob="0.2"/>
			<prefab name="xcostum_Chernobyl(by Maz_Burt)" max_count="1" prob="0.05"/>
			<prefab name="xcostum_MiniBikeRaceTrack(by_Spider)" max_count="1" prob="0.1" />	
			<prefab name="xcostum_nepa_base(by_Eihwaz)" max_count="1" prob="0.2" />	
			<prefab name="xcostum_Nuclear_Powerplant(by_Rocky)" max_count="1" prob="0.05" />
			<prefab name="xcostum_Asylum(by_Wsiegel)" max_count="1" prob="0.1"/>		
			<prefab name="xcostum_RocketLaunchPad(by_Saeid)" max_count="1" prob="0.05"/>
			<prefab name="xcostum_CrashedAirplane(by_LazMan)" max_count="1" prob="0.01"/>
			<prefab name="xcostum_strange_cornfield(by_magoli)" max_count="1" prob="0.1"/>
			<prefab name="xcostum_swimmingbath(by_magoli)" max_count="1" prob="0.2"/>
			<prefab name="xcostum_TheVillage(by_Stallionsden)" max_count="1" />
		</prefab_rule>
		
		<!-- Prefabs you'll find in the wilds as dictated by cell area (for townCells) -->
		<prefab_rule name="wildernessGroupTown">
			<prefab rule="traderGroup" min_count="2" max_count="4"/>
			<prefab rule="waterPois" min_count="3" max_count="5" prob="0.9"/>
			<prefab name="cabin_01" max_count="3" prob="0.5"/>
			<prefab name="cabin_02_sm" max_count="3" prob="0.5"/>
			<prefab name="cabin_03_lg" max_count="3" prob="0.5"/>
			<prefab name="cabin_04_md" max_count="3" prob="0.5"/>
			<prefab name="cabin_05_lg" max_count="3" prob="0.5"/>
			<prefab name="cabin_06_lg" max_count="3" prob="0.5"/>
			<prefab name="cabin_snow_hidden_01" max_count="3" prob="0.5"/>
			<prefab name="ranger_station1" max_count="2" prob="0.35"/>
			<prefab name="snowy_ski_lodge" max_count="2"/>
			<prefab name="campsite_01" max_count="3" prob="0.5"/>
			<prefab name="campsite_02" max_count="3" prob="0.5"/>
			<prefab name="campsite_03" max_count="3" prob="0.5"/>
			<prefab name="campsite_04" max_count="3" prob="0.5"/>
			<prefab name="campsite_06" max_count="3" prob="0.5"/>
			<prefab name="campsite_06a" max_count="3" prob="0.5"/>
			<prefab name="campsite_07" max_count="3" prob="0.5"/>
			<prefab name="campsite_07a" max_count="3" prob="0.5"/>
			<prefab name="army_camp_01" max_count="2" prob="0.25"/>
			<prefab name="army_camp_02" max_count="2" prob="0.25"/>
			<prefab name="army_camp_03" max_count="2" prob="0.25"/>
			<prefab name="indian_burial_grounds_01" max_count="3" prob="0.05"/>
			<prefab name="oldwest_graveyard" max_count="3"/>
			<prefab name="cave_01" max_count="2" prob="0.25"/>
			<prefab name="cave_02" max_count="2" prob="0.25"/>
			<prefab name="cave_03" max_count="2" prob="0.25"/>
			<prefab name="cave_04" max_count="2" prob="0.25"/>
			
			<!-- Compo Pack28 Pois -->
			<prefab name="xvanilla_army_camp(universal)" max_count="1" prob="0.2"/>		
			<prefab name="xcostum_Polarstation(by_magoli)" max_count="1" prob="0.4" />			
			<prefab name="xcostum_Safehouse(by_Limodor)" max_count="1" prob="0.4"/>
			<prefab name="xcostum_wastelandtrain(by_Horst)" max_count="1" prob="0.4" />
			<prefab name="xcostum_Trailer(by_Sorrowthief)" max_count="1" prob="0.5"/>
			<prefab name="xvanilla_Trailerhousemix01" max_count="1" prob="0.3"/>		
			<prefab name="xvanilla_Trailerhousemix02" max_count="1" prob="0.3"/>
			<prefab name="xvanilla_Trailerhousemix03" max_count="1" prob="0.3"/>
			<prefab name="xvanilla_Trailerhousemix04" max_count="1" prob="0.3"/>
			<prefab name="xcostum_Villa(by_Limodor)" max_count="1" prob="0.1"/>
			<prefab name="xcostum_House(by_ShoNuff)" max_count="1" prob="0.3" />
			<prefab name="xcostum_NSiteMissileSilo(byEphoie)" max_count="1" prob="0.01" />
			<prefab name="xcostum_Stonehenge(by_magoli)" max_count="1" prob="0.05" />
			<prefab name="xcostum_Treehouse_sm(by_magoli)" max_count="1" prob="0.2" />
			<prefab name="xcostum_TheMill(by_MoNKeYest1)" max_count="1" prob="0.1" />
			<prefab name="xcostum_Rangercabin(by_Guppycur)" max_count="1" prob="0.2" />
			<prefab name="xcostum_Cabin(by_Sudo)" max_count="1" prob="0.3"/>
			<prefab name="xcostum_burialshrine(by_snake0567)" max_count="1" prob="0.2" />
			<prefab name="xcostum_Recycling(by_Limodor)" max_count="1" prob="0.2" />			
			<prefab name="xcostum_strandresort(by_magoli)" max_count="1" prob="0.2"/>
			<prefab name="xcostum_LumberMill(by_IceJudge)" max_count="1" prob="0.1"/>
    		<prefab name="xcostum_Tavern(by_Limodor)" max_count="1" prob="0.1"/>
			<prefab name="xcostum_H0bbit(by_Limodor)" max_count="1" prob="0.1"/>
			<prefab name="xcostum_Chernobyl(by Maz_Burt)" max_count="1" prob="0.05"/>
			<prefab name="xcostum_MiniBikeRaceTrack(by_Spider)" max_count="1" prob="0.3" />	
			<prefab name="xcostum_nepa_base(by_Eihwaz)" max_count="1" prob="0.05" />	
			<prefab name="xcostum_Nuclear_Powerplant(by_Rocky)" max_count="1" prob="0.05" />
			<prefab name="xcostum_timbershop(by_magoli)" max_count="1" prob="0.3"/>		
			<prefab name="xcostum_Firewatchtower(by_SciFiFlippa)" max_count="1" prob="0.2"/>
			<prefab name="xcostum_Science_lab(by_kinklade)" max_count="1" prob="0.05"/>
			<prefab name="xcostum_RocketLaunchPad(by_Saeid)" max_count="1" prob="0.01"/>
			<prefab name="xcostum_CrashedAirplane(by_LazMan)" max_count="1" prob="0.03"/>
			<prefab name="xcostum_strange_cornfield(by_magoli)" max_count="1" prob="0.2"/>
			<prefab name="xcostum_swimmingbath(by_magoli)" max_count="1" prob="0.1"/>
			<prefab name="xcostum_TheVillage(by_Stallionsden)" max_count="1" />
		</prefab_rule>
		
		<!-- Prefabs you'll find in the wilds as dictated by cell area (for ruralCells) -->
		<prefab_rule name="wildernessGroupRural">
			<prefab rule="traderGroup" min_count="2" max_count="4"/>
			<prefab rule="waterPois" min_count="5" max_count="7" prob="0.9"/>
			<prefab name="cabin_01" max_count="3" prob="0.5"/>
			<prefab name="cabin_02_sm" max_count="3" prob="0.5"/>
			<prefab name="cabin_03_lg" max_count="3" prob="0.5"/>
			<prefab name="cabin_04_md" max_count="3" prob="0.5"/>
			<prefab name="cabin_05_lg" max_count="3" prob="0.5"/>
			<prefab name="cabin_06_lg" max_count="3" prob="0.5"/>
			<prefab name="cabin_snow_hidden_01" max_count="2" prob="0.5"/>
			<prefab name="ranger_station1" max_count="3" prob="0.75"/>
			<prefab name="snowy_ski_lodge" max_count="3" prob="0.5"/>
			<prefab name="campsite_01" max_count="3" prob="0.6"/>
			<prefab name="campsite_02" max_count="3" prob="0.6"/>
			<prefab name="campsite_03" max_count="3" prob="0.6"/>
			<prefab name="campsite_04" max_count="3" prob="0.6"/>
			<prefab name="campsite_06" max_count="3" prob="0.6"/>
			<prefab name="campsite_06a" max_count="3" prob="0.6"/>
			<prefab name="campsite_07" max_count="3" prob="0.6"/>
			<prefab name="campsite_07a" max_count="3" prob="0.6"/>
			<prefab name="army_camp_01" max_count="1" prob="0.25"/>
			<prefab name="army_camp_02" max_count="1" prob="0.25"/>
			<prefab name="army_camp_03" max_count="1" prob="0.25"/>
			<prefab name="indian_burial_grounds_01" max_count="3" prob="0.05"/>
			<prefab name="oldwest_graveyard" max_count="3"/>
			<prefab name="cave_01" max_count="2"/>
			<prefab name="cave_02" max_count="2"/>
			<prefab name="cave_03" max_count="2"/>
			<prefab name="cave_04" max_count="2"/>
			
			<!-- Compo Pack28 Pois -->
			<prefab name="xvanilla_army_camp(universal)" max_count="1" />		
			<prefab name="xcostum_Safehouse(by_Limodor)" max_count="1" prob="0.4"/>
			<prefab name="xcostum_wastelandtrain(by_Horst)" max_count="1" prob="0.4" />
			<prefab name="xcostum_Trailer(by_Sorrowthief)" max_count="1" />
			<prefab name="xvanilla_Trailerhousemix01" max_count="1" />		
			<prefab name="xvanilla_Trailerhousemix02" max_count="1" />
			<prefab name="xvanilla_Trailerhousemix03" max_count="1" />
			<prefab name="xvanilla_Trailerhousemix04" max_count="1" />
			<prefab name="xcostum_Villa(by_Limodor)" max_count="1" prob="0.4"/>
			<prefab name="xcostum_House(by_ShoNuff)" max_count="1" prob="0.1" />
			<prefab name="xcostum_NSiteMissileSilo(byEphoie)" max_count="1" prob="0.05" />
			<prefab name="xcostum_Stonehenge(by_magoli)" max_count="1" prob="0.05" />
			<prefab name="xcostum_Treehouse_sm(by_magoli)" max_count="1" prob="0.2" />
			<prefab name="xcostum_TheMill(by_MoNKeYest1)" max_count="1" prob="0.1" />
			<prefab name="xcostum_Rangercabin(by_Guppycur)" max_count="1" prob="0.2" />
			<prefab name="xcostum_Cabin(by_Sudo)" max_count="1" prob="0.4"/>
			<prefab name="xcostum_burialshrine(by_snake0567)" max_count="1" prob="0.2" />
			<prefab name="xcostum_Recycling(by_Limodor)" max_count="1" prob="0.3" />			
			<prefab name="xcostum_strandresort(by_magoli)" max_count="1" prob="0.3"/>
			<prefab name="xcostum_LumberMill(by_IceJudge)" max_count="1" prob="0.3"/>
    		<prefab name="xcostum_Tavern(by_Limodor)" max_count="1" prob="0.3"/>
			<prefab name="xcostum_H0bbit(by_Limodor)" max_count="1" prob="0.2"/>
			<prefab name="xcostum_Chernobyl(by Maz_Burt)" max_count="1" prob="0.03"/>
			<prefab name="xcostum_MiniBikeRaceTrack(by_Spider)" max_count="1" prob="0.3" />	
			<prefab name="xcostum_nepa_base(by_Eihwaz)" max_count="1" prob="0.01" />	
			<prefab name="xcostum_Nuclear_Powerplant(by_Rocky)" max_count="1" prob="0.03" />
			<prefab name="xcostum_timbershop(by_magoli)" max_count="1" prob="0.3"/>		
			<prefab name="xcostum_Firewatchtower(by_SciFiFlippa)" max_count="1" prob="0.2"/>
			<prefab name="xcostum_Asylum(by_Wsiegel)" max_count="1" prob="0.4"/>		
			<prefab name="xcostum_RocketLaunchPad(by_Saeid)" max_count="1" prob="0.03"/>
			<prefab name="xcostum_CrashedAirplane(by_LazMan)" max_count="1" prob="0.05"/>
			<prefab name="xcostum_strange_cornfield(by_magoli)" max_count="1" prob="0.1"/>
			<prefab name="xcostum_swimmingbath(by_magoli)" max_count="1" prob="0.05"/>
			<prefab name="xcostum_TheVillage(by_Stallionsden)" max_count="1" />
		</prefab_rule>
		
		<!-- Random filler prefabs in hubs -->
		<prefab_rule name="detailFillerGroup">
			<prefab name="mailbox1" max_count="3" prob="0.25"/>
			<prefab name="street_light_01" max_count="3" prob="0.25"/>
			<prefab name="street_light_02" max_count="3" prob="0.25"/>
			<prefab name="sign_slow" max_count="3"/>
			<prefab name="sign_speed_25" max_count="3"/>
			<prefab name="sign_speed_35" max_count="3"/>
			<prefab name="sign_speed_45" max_count="3"/>
			<prefab name="sign_73_north" max_count="3"/>
			<prefab name="sign_73_south" max_count="3"/>
			<prefab name="sign_albuquerque" max_count="3"/>
			<prefab name="sign_phoenix" max_count="3"/>
			<prefab name="tree_burntpine_01" max_count="3"/>
			<prefab name="tree_burntpine_02" max_count="3"/>
			<prefab name="tree_burntpine_03" max_count="3"/>
		</prefab_rule>
		
		<!-- Random filler prefabs in hubs -->
		<prefab_rule name="accentPois">
			<prefab name="tin_miniMassGrave" max_count="5"/>
			<prefab name="tin_DestroyedRocks" max_count="5"/>
			<prefab name="tin_grave3Trees" max_count="5"/>
			<prefab name="tin_graveNoZeds" max_count="5"/>
			<prefab name="tin_graveOpenCoffin" max_count="10"/>
			<prefab name="tin_graves2NoZeds" max_count="5"/>
			<prefab name="tin_graves2Open" max_count="10"/>
			<prefab name="tin_graveSingleRockResource" max_count="10"/>
			<prefab name="tin_gravesWTree" max_count="5"/>
			<prefab name="tin_multiRockResources" max_count="5"/>
			<prefab name="tin_nitrate" max_count="2"/>
			<prefab name="tin_clay" max_count="2"/>
			<prefab name="tin_landscapeNBushes" max_count="5"/>
		</prefab_rule>
		
		<!-- individual prefab groups -->
		<prefab_rule name="skyscrapers">
			<prefab name="skyscraper_01" min_count="1" max_count="2" prob="75"/>
			<prefab name="skyscraper_02" min_count="1" max_count="2" prob="75"/>
			<prefab name="skyscraper_03" min_count="1" max_count="2" prob="75"/>
			<prefab name="skyscraper_04" max_count="1" prob="50"/>
			<!-- Compo Pack28 Pois -->
			<prefab name="xcostum_Skycpraper(by_Peppino)" max_count="1" prob="50" />
		</prefab_rule>
		
		<prefab_rule name="traderGroup">
			<prefab name="settlement_trader_01" max_count="1"/>
			<prefab name="settlement_trader_02" max_count="1"/>
			<prefab name="settlement_trader_03" max_count="1"/>
			<prefab name="settlement_trader_04" max_count="1"/>
			<prefab name="settlement_trader_05" max_count="1"/>
			<prefab name="DFalls_settlement_trader" max_count="1" prob="0.75"/>
			<prefab name="DFalls_DestroyedTrader_01" max_count="1" prob="0.05"/>
			<prefab name="DFalls_DestroyedTrader_02" max_count="1" prob="0.05"/>
			<prefab name="DFalls_DestroyedTrader_03" max_count="1" prob="0.05"/>
			<prefab name="DFalls_DestroyedTrader_04" max_count="1" prob="0.05"/>
			<prefab name="DFalls_DestroyedTrader_05" max_count="1" prob="0.05"/>
		</prefab_rule>
		
		<prefab_rule name="waterPois">
			<prefab name="TinDock2" max_count="1"/>
			<prefab name="TinLake1" max_count="1"/>
			<prefab name="pond02" max_count="1"/>
			<prefab name="pond01" max_count="1"/>
			<prefab name="water_tower_01" max_count="1"/>
			<prefab name="water_tower_02" max_count="1"/>
			<prefab name="water_tower_03" max_count="1"/>
		</prefab_rule>
		
	</prefab_rules>

	<hub_layouts>
		<hub_layout name="customHubTest">
			<township_type value="town"/>
			<street start_point="-64,0" end_point="64,0"/>
			<lot min_x_y="0, 8" size="60,60" rotation_to_road="2"/>
			<lot min_x_y="-32, 12" prefab="oldwest_jail" rotation_to_road="2"/>
		</hub_layout>

		<hub_layout name="ruralHub01">
			<township_type value="town"/>
			<street start_point="-96,0" end_point="96,0"/>
			<street start_point="0,-96" end_point="0,96"/>
			<lot min_x_y="8, 8" size="48,48" rotation_to_road="2"/>
			<lot min_x_y="8, -56" size="48,48" rotation_to_road="0"/>
			<lot min_x_y="-56, 8" size="48,48" rotation_to_road="1"/>
			<lot min_x_y="-56, -56" size="48,48" rotation_to_road="3"/>
		</hub_layout>

		<hub_layout name="ruralHub02">
			<township_type value="town"/>

			<street start_point="-160,0" end_point="160,0"/>
			<street start_point="0,-160" end_point="0,160"/>

			<lot min_x_y="7, 7" size="128,128" rotation_to_road="2" align="south_west"/>
			<lot min_x_y="7, -135" size="128,128" rotation_to_road="0" align="north_west"/>

			<lot min_x_y="-135, 7" size="128,128" rotation_to_road="3" align="south_east"/>
			<lot min_x_y="-135, -135" size="128,128" rotation_to_road="1" align="north_east"/>
		</hub_layout>
	</hub_layouts>

<!--
	GENERATOR MODULE TYPES
	    AbsoluteOutput
        Add
        BiasOutput
        Blend
        ClampOutput
        CurveOutput
        DisplaceInput
        ExponentialOutput
        InvertInput
        InvertOutput
        LargerOutput
        Multiply
        Power
        RotateInput
        ScaleBiasOutput
        ScaleInput
        ScaleOutput
        Select
        SmallerOutput
        Terrace
        TranslateInput
        Billow
        Checkerboard
        Constant
        FastBillow
        FastNoise
        FastNoiseBasis
        FastRidgedMultifractal
        FastTurbulence
        GradientNoiseBasis
        RidgedMultifractal
        Turbulence
        Voronoi

-->

	<terrain_generators>
		<terrain_generator name="vanilla" use_old_final="false">
			<module name="landBaseBase" type="FastBillow" no_seed="true">
				<property name="frequency" value="0.02"/>
			</module>
			<module name="scaleLandBaseFilter" type="ScaleBiasOutput">
				<property name="sourceModule" value="landBaseBase"/>
				<property name="scale" value="0.25"/>
				<property name="bias" value="0.25"/>
			</module>
			<module name="landBase" type="ClampOutput">
				<property name="sourceModule" value="scaleLandBaseFilter"/>
				<property name="bounds" value="0.01,0.5"/>
			</module>
			
			<module name="fastMountainsBase" type="FastRidgedMultifractal">
				<property name="frequency" value="0.25"/>
			</module>
			<module name="fastMountainsT" type="FastTurbulence">
				<property name="sourceModule" value="fastMountainsBase"/>
				<property name="power" value="5"/>
				<!-- <property name="frequency" value="0.25"/> -->
				<property name="frequency" value="0.5"/>
				<property name="roughness" value="1"/>
			</module>
			<module name="fastMountainsScaled" type="ScaleBiasOutput">
				<property name="sourceModule" value="fastMountainsT"/>
				<property name="scale" value="0.3"/>
			</module>
			
			<!-- <module name="fastWaterBase" type="FastRidgedMultifractal">
				<property name="frequency" value="0.35"/>
			</module>
			<module name="fastWaterBase2" type="InvertOutput">
				<property name="sourceModule" value="fastWaterBase"/>
			</module>
			<module name="fastWaterScaled" type="ScaleBiasOutput">
				<property name="sourceModule" value="fastWaterBase2"/>
				<property name="scale" value="1"/>
				<property name="bias" value="-0.15"/>
			</module>
			<module name="fastWaterClamped" type="ClampOutput">
				<property name="sourceModule" value="fastWaterScaled"/>
				<property name="bounds" value="0,0.1"/>
			</module>
			<module name="fastWaterFilter" type="FastRidgedMultifractal" seed_additive="3">
				<property name="frequency" value="0.05"/>
			</module> 
			<module name="scaleBiasLandFilter" type="ScaleBiasOutput">
				<property name="sourceModule" value="fastWaterFilter"/>
				<property name="scale" value="1"/>
				<property name="bias" value="0.25"/>
			</module>
			
			<module name="fastLandWater" type="Blend">
				<property name="controlModule" value="scaleBiasLandFilter"/>
				<property name="sourceModule1" value="landBase"/>
				<property name="sourceModule2" value="fastWaterClamped"/>
			</module> -->
			
			<module name="finalLand" type="Blend">
				<property name="controlModule" value="fastMountainsScaled"/>
				<!-- <property name="sourceModule1" value="fastLandWater"/> -->
				<property name="sourceModule1" value="landBase"/>
				<property name="sourceModule2" value="fastMountainsScaled"/>
			</module>
			
			<module name="scaleBiasOutput" type="ScaleBiasOutput">
				<property name="sourceModule" value="finalLand"/>
				<property name="scale" value="260"/>
			</module>

			<output module="scaleBiasOutput"/>
		</terrain_generator>
	</terrain_generators>
	
	<biome_generators>
		<biome_generator name="vanilla">
			<module name="voronoi" type="Voronoi">
				<property name="frequency" value="0.0008"/>
				<property name="displacement" value="0.5"/>
			</module>
			<module name="biasOutput" type="BiasOutput">
				<property name="sourceModule" value="voronoi"/>
				<property name="bias" value="0.5"/>
			</module>
			
			<module name="biomeDither" type="FastTurbulence">
				<property name="sourceModule" value="biasOutput"/>
				<property name="frequency" value="0.25"/>
				<property name="power" value="8"/>
				<property name="roughness" value="5"/>
			</module>
			
			<module name="biomeJiggle" type="FastTurbulence">
				<property name="sourceModule" value="biomeDither"/>
				<property name="frequency" value="0.0016"/>
				<property name="power" value="400"/>
				<property name="roughness" value="1"/>
			</module>
			
			<module name="clampOutput" type="ClampOutput">
				<property name="sourceModule" value="biomeJiggle"/>
				<property name="bounds" value="0,1"/>
			</module>
			
			<output module="clampOutput"/>
		</biome_generator>
		
		<!-- Passes back the biome intensity to allow for per biome terrain control  THIS MUST MATCH THE BIOME DISTRIBUTION BUT RETURN 0-1 based on distance from center-->
	</biome_generators>
	
	<biome_intensity_generators>
		<biome_intensity_generator name="vanilla"> 
			<module name="voronoi" type="Voronoi">
				<property name="frequency" value="0.0008"/>
				<property name="displacement" value="0.5"/>
				<property name="distanceEnabled" value="true"/>
			</module>
			<module name="biasOutput" type="BiasOutput">
				<property name="sourceModule" value="voronoi"/>
				<property name="bias" value="0.5"/>
			</module>
			
			<module name="biomeDither" type="FastTurbulence">
				<property name="sourceModule" value="biasOutput"/>
				<property name="frequency" value="0.25"/>
				<property name="power" value="4"/>
				<property name="roughness" value="5"/>
			</module>
			
			<module name="biomeJiggle" type="FastTurbulence">
				<property name="sourceModule" value="biomeDither"/>
				<property name="frequency" value="0.0016"/>
				<property name="power" value="400"/>
				<property name="roughness" value="1"/>
			</module>
			
			<module name="clampOutput" type="ClampOutput">
				<property name="sourceModule" value="biomeJiggle"/>
				<property name="bounds" value="0,1"/>
			</module>
			
			<output module="clampOutput"/>
		</biome_intensity_generator>
	</biome_intensity_generators>
	
	<biome_spawn_rules>

		<biome_spawn_rule name="pine_forest">
			<biome_generator range="0,0.2"/>
			<terrain_generator range="150,175"/>
		</biome_spawn_rule>

		<biome_spawn_rule name="desert">
			<biome_generator range="0.2,0.3"/>
		</biome_spawn_rule>

		<biome_spawn_rule name="burnt_forest">
			<biome_generator range="0.3,0.4"/>
		</biome_spawn_rule>

		<biome_spawn_rule name="forest">
			<biome_generator range="0.4,0.7"/>
		</biome_spawn_rule>

		<biome_spawn_rule name="snow">
			<biome_generator range="0.7,0.8"/>
			<terrain_generator range="176,255"/>
		</biome_spawn_rule>

		<biome_spawn_rule name="wasteland">
			<distance_from_center range="2001, 2750"/>
		</biome_spawn_rule>

		<biome_spawn_rule name="plains">
			<biome_generator range="0.8,1"/>
		</biome_spawn_rule>
		
		<biome_spawn_rule name="wasteland_hub">
			<distance_from_center range="0,2000"/>
		</biome_spawn_rule> 

		<biome_spawn_rule name="radiated">
			<distance_from_center range="15000,30000"/>
		</biome_spawn_rule>

		<biome_spawn_rule name="water">
			<terrain_generator range="-50,-25"/>
		</biome_spawn_rule> 
		
	</biome_spawn_rules>
</rwgmixer>